date,SP_price,dow_jones,gdp,bond_yield,home_price_index,consumer_price_index,eur,jpy,SP_price_ln,SP_MA_30,SP_MA_100,SP_MA_200
1928-01-01,17.66,,,,,,,,2.8713021951758138,,,
1928-02-01,17.530001,,,,,,,,2.863913755978207,,,
1928-03-01,17.299999,,,,,,,,2.8507064437002634,,,
1928-04-01,19.280001,,,,,,,,2.959068341049618,,,
1928-05-01,19.780001,,,,,,,,2.984671376750682,,,
1928-06-01,20.07,,,,,,,,2.9992261628082466,,,
1928-07-01,19.139999,,,,,,,,2.9517803337782027,,,
1928-08-01,19.42,,,,,,,,2.966303462863179,,,
1928-09-01,20.870001,,,,,,,,3.0383127690047766,,,
1928-10-01,21.360001,,,,,,,,3.0615200609084723,,,
1928-11-01,21.99,,,,,,,,3.09058780456667,,,
1928-12-01,24.280001,,,,,,,,3.189653007377458,,,
1929-01-01,24.35,,,,,,,,3.192531849528599,,,
1929-02-01,25.84,,,,,,,,3.2519236789144013,,,
1929-03-01,25.83,,,,,,,,3.251536607107749,,,
1929-04-01,24.879999,,,,,,,,3.214064227678052,,,
1929-05-01,25.99,,,,,,,,3.2577118486533987,,,
1929-06-01,24.83,,,,,,,,3.2120525995200753,,,
1929-07-01,27.77,,,,,,,,3.323956301318708,,,
1929-08-01,29.08,,,,,,,,3.3700506526653187,,,
1929-09-01,31.709999,,,,,,,,3.4566320570144624,,,
1929-10-01,29.98,,,,,,,,3.4005304926744517,,,
1929-11-01,24.15,,,,,,,,3.184284380098582,,,
1929-12-01,20.92,,,,,,,,3.040705639196722,,,
1930-01-01,21.450001,,,,,,,,3.0657246919940717,,,
1930-02-01,22.790001,,,,,,,,3.1263218871364864,,,
1930-03-01,23.280001,,,,,,,,3.1475946658185627,,,
1930-04-01,25.370001,,,,,,,,3.2335674130278234,,,
1930-05-01,24.299999,,,,,,,,3.1904763091942385,,,
1930-06-01,24.49,,,,,,,,3.1982648709640764,,,
1930-07-01,20.24,,,,,,,,3.0076608444192647,,,
1930-08-01,21.110001,,,,,,,,3.0497469092311422,,,
1930-09-01,21.370001,,,,,,,,3.061988116125627,,,
1930-10-01,19.42,,,,,,,,2.966303462863179,,,
1930-11-01,16.940001,,,,,,,,2.8296777482557838,,,
1930-12-01,16.799999,,,,,,,,2.821378826885402,,,
1931-01-01,15.34,,,,,,,,2.73046379593911,,,
1931-02-01,16.190001,,,,,,,,2.7843938294560644,,,
1931-03-01,18.030001,,,,,,,,2.892037092678341,,,
1931-04-01,16.52,,,,,,,,2.804571768092832,,,
1931-05-01,14.65,,,,,,,,2.6844403354630764,,,
1931-06-01,12.4,,,,,,,,2.517696472610991,,,
1931-07-01,15.07,,,,,,,,2.712706012638404,,,
1931-08-01,13.73,,,,,,,,2.6195832197798796,,,
1931-09-01,13.92,,,,,,,,2.6333266549062735,,,
1931-10-01,9.53,,,,,,,,2.254444717666111,,,
1931-11-01,10.43,,,,,,,,2.344686269012681,,,
1931-12-01,9.38,,,,,,,,2.238579763018133,,,
1932-01-01,8.12,,,,,,,,2.0943301541735866,,,
1932-02-01,8.23,,,,,,,,2.1077860146889784,,,
1932-03-01,8.35,,,,,,,,2.122261538862764,,,
1932-04-01,7.18,,,,,,,,1.9712993830601329,,,
1932-05-01,5.83,,,,,,,,1.763017000362401,,,
1932-06-01,4.4,,,,,,,,1.4816045409242156,,,
1932-07-01,4.6,,,,,,,,1.5260563034950492,,,
1932-08-01,6.11,,,,,,,,1.809926773183504,,,
1932-09-01,8.47,,,,,,,,2.136530508663963,,,
1932-10-01,8.08,,,,,,,,2.089391872533004,,,
1932-11-01,6.76,,,,,,,,1.9110228900548727,,,
1932-12-01,6.73,,,,,,,,1.9065751436566365,,,
1933-01-01,6.92,,,,,,,,1.9344157696295783,,,
1933-02-01,6.67,,,,,,,,1.8976198599275322,,,
1933-03-01,5.77,,,,,,,,1.7526720805200082,,,
1933-04-01,5.85,,,,,,,,1.766441661243765,,,
1933-05-01,8.43,,,,,,,,2.131796772013764,,,
1933-06-01,9.74,,,,,,,,2.2762411176544437,,,
1933-07-01,10.91,,,,,,,,2.3896797998449792,,,
1933-08-01,10.25,,,,,,,,2.327277705584417,,,
1933-09-01,11.23,,,,,,,,2.418588768750352,,,
1933-10-01,9.72,,,,,,,,2.2741856184723477,,,
1933-11-01,9.12,,,,,,,,2.21046980408624,,,
1933-12-01,9.91,,,,,,,,2.2935443483418965,,,
1934-01-01,9.97,,,,,,,,2.299580583973747,,,
1934-02-01,11.46,,,,,,,,2.4388627112865935,,,
1934-03-01,10.72,,,,,,,,2.372111155642656,,,
1934-04-01,10.62,,,,,,,,2.362739015813793,,,
1934-05-01,10.46,,,,,,,,2.347558458636777,,,
1934-06-01,9.38,,,,,,,,2.238579763018133,,,
1934-07-01,9.81,,,,,,,,2.2834022735772717,,,
1934-08-01,8.95,,,,,,,,2.191653532286764,,,
1934-09-01,9.15,,,,,,,,2.21375387928743,,,
1934-10-01,8.83,,,,,,,,2.178155014615869,,,
1934-11-01,8.77,,,,,,,,2.1713368063840917,,,
1934-12-01,9.54,,,,,,,,2.255493485460195,,,
1935-01-01,9.5,,,,,,,,2.2512917986064953,,,
1935-02-01,9.05,,,,,,,,2.2027647577118348,,,
1935-03-01,8.79,,,,,,,,2.1736147116970854,,,
1935-04-01,8.54,,,,,,,,2.1447610078004784,,,
1935-05-01,9.23,,,,,,,,2.222459048514761,,,
1935-06-01,9.58,,,,,,,,2.259677591982769,,,
1935-07-01,10.28,,,,,,,,2.330200260027019,,,
1935-08-01,11.04,,,,,,,,2.401525040848949,,,
1935-09-01,11.24,,,,,,,,2.419478844465545,,,
1935-10-01,11.48,,,,,,,,2.4406063908914204,,,
1935-11-01,12.61,,,,,,,,2.534490149976828,,,
1935-12-01,12.94,,,,,,,,2.5603232890727545,,,
1936-01-01,13.43,,,,,,,,2.5974910105351463,,,
1936-02-01,14.31,,,,,,,,2.6609585935683597,,,
1936-03-01,14.6,,,,,,,,2.681021528714291,,,
1936-04-01,15.19,,,,,,,,2.7206373166076814,,,
1936-05-01,13.87,,,,,,,,2.6297282343267403,,,
1936-06-01,14.39,,,,,,,,2.6665335208992764,,,
1936-07-01,14.9,,,,,,,,2.7013612129514133,,,
1936-08-01,15.85,,,,,,,,2.7631695003232895,,,
1936-09-01,15.95,,,,,,,,2.7694588292308535,,,
1936-10-01,16.040001,,,,,,,,2.775085664782506,,,
1936-11-01,17.23,,,,,,,,2.8466520505398383,,,
1936-12-01,17.139999,,,,,,,,2.8414148548265747,,,
1937-01-01,17.18,,,,,,,,2.8437459165561094,,,
1937-02-01,17.879999,,,,,,,,2.883682713816955,,,
1937-03-01,18.09,,,,,,,,2.895359299407204,,,
1937-04-01,17.709999,,,,,,,,2.874129395329467,,,
1937-05-01,16.43,,,,,,,,2.799108932049177,,,
1937-06-01,15.96,,,,,,,,2.7700855920216627,,,
1937-07-01,15.47,,,,,,,,2.738902664584975,,,
1937-08-01,16.77,,,,,,,,2.8195915758351173,,,
1937-09-01,15.61,,,,,,,,2.7479117345273405,,,
1937-10-01,13.72,,,,,,,,2.6188546222977394,,,
1937-11-01,12.08,,,,,,,,2.4915511925066687,,,
1937-12-01,10.97,,,,,,,,2.395164274287139,,,
1938-01-01,10.55,,,,,,,,2.3561258599220753,,,
1938-02-01,10.89,,,,,,,,2.387844936944869,,,
1938-03-01,11.46,,,,,,,,2.4388627112865935,,,
1938-04-01,8.91,,,,,,,,2.187174241482718,,,
1938-05-01,9.78,,,,,,,,2.280339484046726,,,
1938-06-01,9.57,,,,,,,,2.258633205464863,,,
1938-07-01,11.91,,,,,,,,2.477378383367209,,,
1938-08-01,12.25,,,,,,,,2.505525936990736,,,
1938-09-01,11.92,,,,,,,,2.4782176616372036,,,
1938-10-01,12.24,,,,,,,,2.50470927708418,,,
1938-11-01,13.1,,,,,,,,2.5726122302071057,,,
1938-12-01,12.61,,,,,,,,2.534490149976828,,,
1939-01-01,13.14,,,,,,,,2.5756610130564646,,,
1939-02-01,12.12,,,,,,,,2.4948569806411682,,,
1939-03-01,12.7,,,,,,,,2.5416019934645457,,,
1939-04-01,10.98,,,,,,,,2.3960754360813845,,,
1939-05-01,10.86,,,,,,,,2.3850863145057892,,,
1939-06-01,11.42,,,,,,,,2.435366204227864,,,
1939-07-01,10.86,,,,,,,,2.3850863145057892,,,
1939-08-01,12.04,,,,,,,,2.488234439880675,,,
1939-09-01,11.3,,,,,,,,2.424802725718295,,,
1939-10-01,12.79,,,,,,,,2.548663615590751,,,
1939-11-01,12.82,,,,,,,,2.551006451492524,,,
1939-12-01,12.29,,,,,,,,2.5087859235779435,,,
1940-01-01,12.46,,,,,,,,2.522523513359307,,,
1940-02-01,12.05,,,,,,,,2.489064659936664,,,
1940-03-01,12.06,,,,,,,,2.4898941912990393,,,
1940-04-01,12.21,,,,,,,,2.502255288122613,,,
1940-05-01,12.03,,,,,,,,2.4874035299865875,,,
1940-06-01,9.27,,,,,,,,2.2267833795777636,,,
1940-07-01,9.87,,,,,,,,2.28949985344539,,,
1940-08-01,10.26,,,,,,,,2.3282528397426234,,,
1940-09-01,10.5,,,,,,,,2.3513752571634776,,,
1940-10-01,10.81,,,,,,,,2.3804716316511167,,,
1940-11-01,11.08,,,,,,,,2.405141681319138,,,
1940-12-01,10.57,,,,,,,,2.3580197998821464,,,
1941-01-01,10.58,,,,,,,,2.3589654264301534,,,
1941-02-01,10.07,,,,,,,,2.309560706730471,,,
1941-03-01,9.92,,,,,,,,2.2945529212967815,,,
1941-04-01,9.97,,,,,,,,2.299580583973747,,,
1941-05-01,9.3,,,,,,,,2.2300144001592104,,,
1941-06-01,9.38,,,,,,,,2.238579763018133,,,
1941-07-01,9.82,,,,,,,,2.2844211223663744,,,
1941-08-01,10.34,,,,,,,,2.336019869080283,,,
1941-09-01,10.28,,,,,,,,2.330200260027019,,,
1941-10-01,10.17,,,,,,,,2.3194422100604686,,,
1941-11-01,9.5,,,,,,,,2.2512917986064953,,,
1941-12-01,9.07,,,,,,,,2.2049722641270453,,,
1942-01-01,8.69,,,,,,,,2.162172939277301,,,
1942-02-01,8.85,,,,,,,,2.180417459019838,,,
1942-03-01,8.59,,,,,,,,2.150598735996164,,,
1942-04-01,8.05,,,,,,,,2.0856720914304723,,,
1942-05-01,7.71,,,,,,,,2.0425181875752383,,,
1942-06-01,8.19,,,,,,,,2.102913897864978,,,
1942-07-01,8.23,,,,,,,,2.1077860146889784,,,
1942-08-01,8.56,,,,,,,,2.1471001901536506,,,
1942-09-01,8.62,,,,,,,,2.1540850846756014,,,
1942-10-01,8.92,,,,,,,,2.188295946591918,,,
1942-11-01,9.36,,,,,,,,2.2364452904895007,,,
1942-12-01,9.28,,,,,,,,2.2278615467981093,,,
1943-01-01,9.77,,,,,,,,2.2793164660546914,,,
1943-02-01,10.52,,,,,,,,2.3532782073095637,,,
1943-03-01,10.92,,,,,,,,2.390595970316759,,,
1943-04-01,11.59,,,,,,,,2.4501426573516603,,,
1943-05-01,11.59,,,,,,,,2.4501426573516603,,,
1943-06-01,12.18,,,,,,,,2.4997952622817508,,,
1943-07-01,12.36,,,,,,,,2.514465452029545,,,
1943-08-01,11.85,,,,,,,,2.47232786758114,,,
1943-09-01,11.84,,,,,,,,2.4714836294558595,,,
1943-10-01,12.09,,,,,,,,2.492378664626701,,,
1943-11-01,11.92,,,,,,,,2.4782176616372036,,,
1943-12-01,11.13,,,,,,,,2.4096441652874536,,,
1944-01-01,11.67,,,,,,,,2.4570214462984645,,,
1944-02-01,11.83,,,,,,,,2.4706386779902956,,,
1944-03-01,11.87,,,,,,,,2.4740142086215764,,,
1944-04-01,12.02,,,,,,,,2.4865719291070616,,,
1944-05-01,11.96,,,,,,,,2.481567748522486,,,
1944-06-01,12.31,,,,,,,,2.510411940196362,,,
1944-07-01,12.98,,,,,,,,2.563409711275944,,,
1944-08-01,12.78,,,,,,,,2.5478814489493886,,,
1944-09-01,12.86,,,,,,,,2.554121718809473,,,
1944-10-01,12.74,,,,,,,,2.5447466501440172,,,
1944-11-01,12.83,,,,,,,,2.551786178627545,,,
1944-12-01,12.8,,,,,,,,2.5494451709255714,,,
1945-01-01,13.28,,,,,,,,2.5862591440482876,,,
1945-02-01,13.5,,,,,,,,2.6026896854443837,,,
1945-03-01,14.32,,,,,,,,2.6616571615324998,,,
1945-04-01,13.61,,,,,,,,2.6108048166633746,,,
1945-05-01,14.79,,,,,,,,2.6939512767227085,,,
1945-06-01,15.03,,,,,,,,2.710048203764883,,,
1945-07-01,14.87,,,,,,,,2.6993457604720636,,,
1945-08-01,14.68,,,,,,,,2.6864860231863696,,,
1945-09-01,15.51,,,,,,,,2.7414849771884473,,,
1945-10-01,16.33,,,,,,,,2.7930039069823738,,,
1945-11-01,16.870001,,,,,,,,2.8255369558346977,,,
1945-12-01,17.190001,,,,,,,,2.8443278775681127,,,
1946-01-01,17.360001,,,,,,,,2.854168766835889,,,
1946-02-01,18.639999,,,,,,,,2.925309755609375,,,
1946-03-01,17.209999,,,,,,,,2.845490552117694,,,
1946-04-01,18.059999,,,,,,,,2.893699492617852,,,
1946-05-01,18.709999,,,,,,,,2.9290580868386424,,,
1946-06-01,19.18,,,,,,,,2.953868069455292,,,
1946-07-01,18.540001,,,,,,,,2.9199306140751404,,,
1946-08-01,18.01,,,,,,,,2.8909271591878647,,,
1946-09-01,16.65,,,,,,,,2.8124102164264526,,,
1946-10-01,14.92,,,,,,,,2.702702594775615,,,
1946-11-01,15.07,,,,,,,,2.712706012638404,,,
1946-12-01,14.68,,,,,,,,2.6864860231863696,,,
1947-01-01,15.3,,243.164,,,21.48,,,2.72785282839839,,,
1947-02-01,15.66,,243.164,,,21.62,,,2.751109690562657,,,
1947-03-01,15.43,,243.164,,,22.0,,,2.7363136663750693,,,
1947-04-01,15.23,,245.968,,,22.0,,,2.7232671669070703,,,
1947-05-01,14.69,,245.968,,,21.95,,,2.6871669901857858,,,
1947-06-01,14.45,,245.968,,,22.08,,,2.670694414558441,,,
1947-07-01,15.46,,249.585,,,22.23,,,2.738256043159276,,,
1947-08-01,15.8,,249.585,,,22.4,,,2.760009940032921,,,
1947-09-01,15.32,,249.585,,,22.84,,,2.729159164312445,,,
1947-10-01,15.16,,259.745,,,22.91,,,2.7186603802142257,,,
1947-11-01,15.43,,259.745,,,23.06,,,2.7363136663750693,,,
1947-12-01,15.07,,259.745,,,23.41,,,2.712706012638404,,,
1948-01-01,15.3,,265.742,,,23.68,,,2.72785282839839,,,
1948-02-01,14.68,,265.742,,,23.67,,,2.6864860231863696,,,
1948-03-01,14.07,,265.742,,,23.5,,,2.644044871126298,,,
1948-04-01,15.12,,272.567,,,23.82,,,2.716018370751387,,,
1948-05-01,15.48,,272.567,,,24.01,,,2.739548868161581,,,
1948-06-01,16.74,,272.567,,,24.15,,,2.817801065061329,,,
1948-07-01,16.700001,,279.196,,,24.4,,,2.815408779302947,,,
1948-08-01,15.85,,279.196,,,24.43,,,2.7631695003232895,,,
1948-09-01,16.16,,279.196,,,24.36,,,2.7825390530929495,,,
1948-10-01,15.67,,280.366,,,24.31,,,2.7517480563679295,,,
1948-11-01,16.700001,,280.366,,,24.16,,,2.815408779302947,,,
1948-12-01,15.01,,280.366,,,24.05,,,2.7087166456453704,,,
1949-01-01,15.2,,275.034,,,24.01,,,2.7212954278522306,,,
1949-02-01,15.34,,275.034,,,23.91,,,2.73046379593911,,,
1949-03-01,14.71,,275.034,,,23.91,,,2.688527534613346,,,
1949-04-01,14.94,,271.351,,,23.92,,,2.7040421797046714,,,
1949-05-01,14.71,,271.351,,,23.91,,,2.688527534613346,,,
1949-06-01,14.14,,271.351,,,23.92,,,2.6490076604684267,,,
1949-07-01,14.26,,272.889,,,23.7,,,2.65745841498615,,,
1949-08-01,15.12,,272.889,,,23.7,,,2.716018370751387,,,
1949-09-01,15.31,,272.889,,,23.75,,,2.7285062096695922,,,
1949-10-01,15.58,,270.627,,,23.67,,,2.7459880404426023,,,
1949-11-01,16.200001,,270.627,,,23.7,,,2.7850113039667317,,,
1949-12-01,16.15,,270.627,,,23.61,,,2.7819200496686656,,,
1950-01-01,16.790001,,280.828,,,23.51,,,2.820783530648709,,,
1950-02-01,17.049999,,280.828,,,23.61,,,2.8361501450784976,,,
1950-03-01,17.24,,280.828,,,23.64,,,2.847232265235547,,,
1950-04-01,17.290001,,290.383,,,23.65,,,2.8501283575320975,,,
1950-05-01,18.219999,,290.383,,,23.77,,,2.902519836947069,,,
1950-06-01,18.77,,290.383,,,23.88,,,2.9322598505984176,,,
1950-07-01,17.690001,,308.153,,,24.07,,,2.872999564700805,,,
1950-08-01,18.02,,308.153,,,24.2,,,2.8914822521801917,,,
1950-09-01,18.549999,,308.153,,,24.34,,,2.920469735145087,,,
1950-10-01,19.450001,,319.945,,,24.5,,,2.9678471214783357,,,
1950-11-01,19.559999,,319.945,,,24.6,,,2.9734866134819256,,,
1950-12-01,19.66,,319.945,,,24.98,,,2.9785861147190205,,,
1951-01-01,20.43,,336.0,,,25.38,,,3.0170044088295307,,,
1951-02-01,21.77,,336.0,,,25.83,,,3.080532875246456,,,
1951-03-01,21.85,,336.0,,,25.88,,,3.084200921541599,,,
1951-04-01,21.48,,344.09,,,25.92,,,3.067122269640664,,,
1951-05-01,22.530001,,344.09,,,25.99,,,3.114847798829416,,,
1951-06-01,21.48,,344.09,,,25.93,,,3.067122269640664,,,
1951-07-01,20.959999,,351.385,,,25.91,,,3.0426158117429165,,,
1951-08-01,22.51,,351.385,,,25.86,,,3.113959654918641,,,
1951-09-01,23.280001,,351.385,,,26.03,,,3.1475946658185627,,,
1951-10-01,23.469999,,356.178,,,26.16,,,3.1557229672553473,,,
1951-11-01,23.1,,356.178,,,26.32,,,3.139832617527748,,,
1951-12-01,22.879999,,356.178,,,26.47,,,3.1302631228053026,,,
1952-01-01,23.77,,359.82,,,26.45,,,3.1684242813721024,,,
1952-02-01,24.299999,,359.82,,,26.41,,,3.1904763091942385,,,
1952-03-01,23.26,,359.82,,,26.39,,,3.1467351470905185,,,
1952-04-01,24.18,,361.03,,,26.46,,,3.1855258451866466,,,
1952-05-01,23.17,,361.03,,,26.47,,,3.142858338444285,,,
1952-06-01,23.860001,,361.03,,,26.53,,,3.1722034585809173,,,
1952-07-01,25.120001,,367.701,,,26.68,,,3.223664381408914,,,
1952-08-01,25.450001,,367.701,,,26.69,,,3.236715782289262,,,
1952-09-01,25.030001,,367.701,,,26.63,,,3.2200751453957395,,,
1952-10-01,24.48,,380.812,,,26.69,,,3.1978564576441255,,,
1952-11-01,24.52,,380.812,,,26.69,,,3.1994891110680106,,,
1952-12-01,25.68,,380.812,,,26.71,,,3.2457124788217606,,,
1953-01-01,26.57,,387.98,,,26.64,,,3.279782759771722,,,
1953-02-01,26.379999,,387.98,,,26.59,,,3.272606109381662,,,
1953-03-01,25.9,,387.98,,,26.63,,,3.254242968705492,,,
1953-04-01,25.25,,391.749,,,26.69,,,3.228826155721369,,,
1953-05-01,24.73,,391.749,,,26.7,,,3.208017081533325,,,
1953-06-01,24.15,,391.749,,,26.77,,,3.184284380098582,,,
1953-07-01,24.24,,391.171,,,26.79,,,3.1880041612011136,,,
1953-08-01,24.75,,391.171,,,26.85,,,3.2088254890146994,,,
1953-09-01,23.42,,391.171,,,26.89,,,3.1535903581695712,,,
1953-10-01,23.49,,385.97,,,26.95,,,3.1565747986708215,,,
1953-11-01,24.540001,,385.97,,,26.85,,,3.200304480032561,,,
1953-12-01,24.780001,,385.97,,,26.87,,,3.2100369165561204,,,
1954-01-01,24.809999,,385.345,,,26.94,,,3.211246757397381,,,
1954-02-01,25.99,,385.345,,,26.99,,,3.2577118486533987,,,
1954-03-01,26.25,,385.345,,,26.93,,,3.2676659890376327,,,
1954-04-01,27.17,,386.121,,,26.86,,,3.3021134234382563,,,
1954-05-01,28.26,,386.121,,,26.93,,,3.3414473772563813,,,
1954-06-01,29.190001,,386.121,,,26.94,,,3.3738262191243304,,,
1954-07-01,29.209999,,390.996,,,26.86,,,3.374511082164798,,,
1954-08-01,30.879999,,390.996,,,26.85,,,3.4301086927731554,,,
1954-09-01,30.040001,,390.996,,,26.81,,,3.4025298601848815,,,
1954-10-01,32.290001,,399.734,,,26.72,,,3.4747576157395237,,,
1954-11-01,31.790001,,399.734,,,26.78,,,3.4591518063791438,,,
1954-12-01,33.990002,,399.734,,,26.77,,,3.5260664225488583,,,
1955-01-01,35.98,,413.073,,,26.77,,,3.582963228522387,,,
1955-02-01,36.720001,,413.073,,,26.82,,,3.603321592985405,,,
1955-03-01,36.830002,,413.073,,,26.79,,,3.6063127847605294,,,
1955-04-01,36.950001,,421.532,,,26.79,,,3.60956567445781,,,
1955-05-01,37.959999,,421.532,,,26.77,,,3.6365329473982073,,,
1955-06-01,37.959999,,421.532,,,26.71,,,3.6365329473982073,,,
1955-07-01,41.189999,,430.221,,,26.76,,,3.7181954841702516,,,
1955-08-01,42.93,,430.221,,,26.72,,,3.7595708822364693,,,
1955-09-01,43.369999,,430.221,,,26.85,,,3.769767934789862,,,
1955-10-01,43.669998,,437.092,,,26.82,,,3.776661321699438,,,
1955-11-01,42.279999,,437.092,,,26.88,,,3.744314137350192,,,
1955-12-01,45.349998,,437.092,,,26.87,,,3.8144101324597113,,,
1956-01-01,45.48,,439.746,,,26.83,,,3.8172726688823353,,,
1956-02-01,44.029999,,439.746,,,26.86,,,3.7848711970558746,,,
1956-03-01,45.540001,,439.746,,,26.89,,,3.818591082594311,,,
1956-04-01,48.48,,446.01,,,26.93,,,3.881151341761059,,,
1956-05-01,48.16,,446.01,,,27.03,,,3.8745288010005656,,,
1956-06-01,45.580002,,446.01,,,27.15,,,3.8194690676964314,,,
1956-07-01,46.970001,,451.191,,,27.29,,,3.849509121329089,,,
1956-08-01,49.619999,,451.191,,,27.31,,,3.9043939581104907,,,
1956-09-01,47.509998,,451.191,,,27.35,,,3.860940173102428,,,
1956-10-01,44.700001,,460.463,,,27.51,,,3.7999735239908876,,,
1956-11-01,46.52,,460.463,,,27.51,,,3.839882327650464,,,
1956-12-01,45.080002,,460.463,,,27.63,,,3.808438733537147,,,
1957-01-01,46.669998,,469.779,,,27.67,,,3.8431015171076415,,,
1957-02-01,44.619999,,469.779,,,27.8,,,3.7981821665929116,,,
1957-03-01,43.740002,,469.779,,,27.86,,,3.778263060973358,,,
1957-04-01,44.139999,,472.025,,,27.93,,,3.787366378173402,,,
1957-05-01,46.02,,472.025,,,28.0,,,3.82907608460722,,,
1957-06-01,47.43,,472.025,,,28.11,,,3.85925493988949,,,
1957-07-01,47.43,,479.49,,,28.19,,,3.85925493988949,,,
1957-08-01,47.790001,,479.49,,,28.28,,,3.866816433514946,,,
1957-09-01,45.220001,,479.49,,,28.32,,,3.8115394889639322,,,
1957-10-01,42.759998,,474.864,,,28.32,,,3.755603039384159,,,
1957-11-01,40.439999,,474.864,,,28.41,,,3.6998193694242785,,,
1957-12-01,41.720001,,474.864,,,28.47,,,3.7309806541018906,,,
1958-01-01,39.990002,,467.54,,,28.64,,,3.688629472871229,,,
1958-02-01,41.700001,,467.54,,,28.7,,,3.7305011527855707,,,
1958-03-01,40.84,,467.54,,,28.87,,,3.7096619932964647,,,
1958-04-01,41.93,,471.978,,,28.94,,,3.7360015611826713,,,
1958-05-01,43.540001,,471.978,,,28.94,,,3.773680078773787,,,
1958-06-01,44.09,,471.978,,,28.91,,,3.7862329993698465,,,
1958-07-01,45.279999,,485.841,,,28.89,,,3.8128654118101215,,,
1958-08-01,47.490002,,485.841,,,28.94,,,3.8605192046751586,,,
1958-09-01,47.75,,485.841,,,28.91,,,3.865979066926739,,,
1958-10-01,49.98,,499.555,,,28.91,,,3.9116229254068062,,,
1958-11-01,51.330002,,499.555,,,28.95,,,3.93827541553578,,,
1958-12-01,52.689999,,499.555,,,28.97,,,3.9644256652422607,,,
1959-01-01,55.209999,,510.33,,,29.01,,,4.0111440781832925,,,
1959-02-01,55.450001,,510.33,,,29.0,,,4.015481731830641,,,
1959-03-01,55.41,,510.33,,,28.97,,,4.014760082879258,,,
1959-04-01,55.689999,,522.653,,,28.98,,,4.019800579645032,,,
1959-05-01,57.650002,,522.653,,,29.04,,,4.054390281407175,,,
1959-06-01,58.630001,,522.653,,,29.11,,,4.071246528032238,,,
1959-07-01,58.970001,,525.034,,,29.15,,,4.077028856970188,,,
1959-08-01,60.509998,,525.034,,,29.18,,,4.102808607581841,,,
1959-09-01,58.869999,,525.034,,,29.25,,,4.075331606053589,,,
1959-10-01,56.939999,,528.6,,,29.35,,,4.041998064287545,,,
1959-11-01,57.52,,528.6,,,29.35,,,4.052132713412791,,,
1959-12-01,58.700001,,528.6,,,29.41,,,4.072439743869825,,,
1960-01-01,59.889999,,542.648,,,29.37,,,4.092509529579092,,,
1960-02-01,55.959999,,542.648,,,29.41,,,4.024637131927373,,,
1960-03-01,56.009998,,542.648,,,29.41,,,4.025530210513831,,,
1960-04-01,55.43,,541.08,,,29.54,,,4.0151209634317135,,,
1960-05-01,54.369999,,541.08,,,29.57,,,3.9958125127653332,,,
1960-06-01,55.889999,,541.08,,,29.61,,,4.0233854553893185,,,
1960-07-01,57.060001,,545.604,,,29.55,,,4.044103363310765,,,
1960-08-01,55.529999,,545.604,,,29.61,,,4.016923397245232,,,
1960-09-01,57.09,,545.604,,,29.61,,,4.044628969976168,,,
1960-10-01,53.52,,540.197,,,29.75,,,3.9800554158199732,,,
1960-11-01,53.939999,,540.197,,,29.78,,,3.987872299172466,,,
1960-12-01,55.299999,,540.197,,,29.81,,,4.012772890445106,,,
1961-01-01,58.110001,,545.018,,,29.84,,,4.062337783295756,,,
1961-02-01,61.900002,,545.018,,,29.84,,,4.125520212000728,,,
1961-03-01,63.43,,545.018,,,29.84,,,4.149936935645806,,,
1961-04-01,65.059998,,555.545,,,29.81,,,4.175309890304351,,,
1961-05-01,65.169998,,555.545,,,29.84,,,4.176999209655321,,,
1961-06-01,66.559998,,555.545,,,29.84,,,4.198103766464875,,,
1961-07-01,64.639999,,567.664,,,29.92,,,4.168833398742543,,,
1961-08-01,67.370003,,567.664,,,29.94,,,4.210199859502774,,,
1961-09-01,68.190002,,567.664,,,29.98,,,4.222297955862375,,,
1961-10-01,66.730003,,580.612,,,29.98,,,4.200654671872805,,,
1961-11-01,68.730003,,580.612,,,29.98,,,4.230185828782575,,,
1961-12-01,71.779999,,580.612,,,30.01,,,4.273605871788004,,,
1962-01-01,71.550003,,594.013,,,30.04,,,4.27039654793118,,,
1962-02-01,69.0774995,,594.013,4.09,,30.11,,,4.235229055460635,,,
1962-03-01,70.129999,,594.013,3.98,,30.17,,,4.2503506482895865,,,
1962-04-01,69.70250125,,600.366,3.86,,30.21,,,4.244236203062335,,,
1962-05-01,65.15999875,,600.366,3.85,,30.24,,,4.176845764550296,,,
1962-06-01,59.37250025,,600.366,3.89,,30.21,,,4.083831160415899,,,
1962-07-01,54.7075005,,609.027,4.0,,30.22,,,4.002000820685892,,,
1962-08-01,57.94749925,,609.027,4.03,,30.28,,,4.059537415273945,,,
1962-09-01,58.875,,609.027,3.96,,30.42,,,4.0754165523365815,,,
1962-10-01,55.83250025,,612.28,3.93,,30.38,,,4.022356141590172,,,
1962-11-01,56.7125005,,612.28,3.92,,30.38,,,4.03799465380648,,,
1962-12-01,62.307499,,612.28,3.92,,30.38,,,4.132081787730999,,,
1963-01-01,63.04249925,,621.672,3.85,,30.44,,,4.143809090226961,,,
1963-02-01,66.309998,,621.672,3.88,,30.48,,,4.194340685219412,,,
1963-03-01,64.2349995,,621.672,3.93,,30.51,,,4.162548225699655,,,
1963-04-01,66.70750025,,629.752,3.95,,30.48,,,4.200317394126066,,,
1963-05-01,69.95250125,,629.752,3.94,,30.51,,,4.24781645815626,,,
1963-06-01,70.63500025,,629.752,3.96,,30.61,,,4.257525775902949,,,
1963-07-01,69.08500125,,644.444,4.01,,30.69,,,4.235337648602285,,,
1963-08-01,69.07749925,,644.444,3.99,,30.75,,,4.235229051841511,,,
1963-09-01,72.3125,,644.444,4.02,,30.72,,,4.280997004953895,,,
1963-10-01,72.035,,653.938,4.07,,30.75,,,4.277152112013436,,,
1963-11-01,73.93750175,,653.938,4.15,,30.78,,,4.303220165407244,,,
1963-12-01,72.75000175,,653.938,4.08,,30.88,,,4.287028930106584,,,
1964-01-01,74.8349995,,669.822,4.14,,30.94,,,4.315285683299745,,,
1964-02-01,76.875,,669.822,4.15,,30.91,,,4.342180726126682,,,
1964-03-01,77.67000025,,669.822,4.18,,30.94,,,4.352469085650302,,,
1964-04-01,79.11750025,,678.674,4.23,,30.95,,,4.370934092401794,,,
1964-05-01,79.88999925,,678.674,4.22,,30.98,,,4.380650679106042,,,
1964-06-01,80.285002,,678.674,4.19,,31.01,,,4.385582828912901,,,
1964-07-01,81.9825,,692.031,4.15,,31.02,,,4.406505809853964,,,
1964-08-01,83.13999925,,692.031,4.19,,31.05,,,4.420525924803563,,,
1964-09-01,82.0200005,,692.031,4.21,,31.08,,,4.4069631260599875,,,
1964-10-01,84.13249975,,697.319,4.18,,31.12,,,4.432392934065554,,,
1964-11-01,84.80500225,,697.319,4.16,,31.21,,,4.440354529855257,,,
1964-12-01,83.9725,,697.319,4.2,,31.25,,,4.430489364290089,,,
1965-01-01,84.60250075,,717.79,4.21,,31.28,,,4.43796382586797,,,
1965-02-01,87.55000125,,717.79,4.2,,31.28,,,4.472210073009417,,,
1965-03-01,87.3824995,,717.79,4.22,,31.31,,,4.470295028058099,,,
1965-04-01,86.2700025,,730.191,4.2,,31.38,,,4.457481942067274,,,
1965-05-01,88.99500075,,730.191,4.21,,31.48,,,4.488580196806156,,,
1965-06-01,88.45499975,,730.191,4.23,,31.61,,,4.482493945294281,,,
1965-07-01,84.20250125,,749.323,4.2,,31.58,,,4.433224626864072,,,
1965-08-01,85.0524995,,749.323,4.22,,31.55,,,4.443268707004979,,,
1965-09-01,87.16499875,,749.323,4.28,,31.62,,,4.46780285985456,,,
1965-10-01,89.91000175,,771.857,4.36,,31.65,,,4.49880918946059,,,
1965-11-01,92.3250005,,771.857,4.43,,31.75,,,4.525314966154278,,,
1965-12-01,91.5975,,771.857,4.52,,31.85,,,4.517403978731216,,,
1966-01-01,92.375,,795.734,4.65,,31.88,,,4.525856379268366,,,
1966-02-01,92.50250075,,795.734,4.69,,32.08,,,4.527235679288072,,,
1966-03-01,90.67250075,,795.734,5.01,,32.18,,,4.507254122065093,,,
1966-04-01,89.62500175,,804.981,4.7,,32.28,,,4.495634318445586,,,
1966-05-01,91.154999,,804.981,4.79,,32.35,,,4.512561343285103,,,
1966-06-01,86.039999,,804.981,4.79,,32.38,,,4.454812292777028,,,
1966-07-01,85.29249975,,819.638,4.99,,32.45,,,4.446086522730225,,,
1966-08-01,82.82250025,,819.638,5.05,,32.65,,,4.416699766625762,,,
1966-09-01,77.48999975,,819.638,5.3,,32.75,,,4.350148892549636,,,
1966-10-01,76.35249725,,833.302,5.02,,32.85,,,4.335360739053783,,,
1966-11-01,80.494999,,833.302,4.99,,32.88,,,4.388195058271126,,,
1966-12-01,80.307501,,833.302,5.09,,32.92,,,4.385863028794302,,,
1967-01-01,80.375002,,844.17,4.64,,32.9,,,4.386703207441142,,,
1967-02-01,86.4400005,,844.17,4.52,,33.0,,,4.459450537423044,,,
1967-03-01,87.3724995,,844.17,4.66,,33.0,,,4.4701805821187195,,,
1967-04-01,90.449999,,848.983,4.5,,33.1,,,4.504797200785472,,,
1967-05-01,93.8824995,,848.983,4.77,,33.1,,,4.542043995042545,,,
1967-06-01,89.72000125,,848.983,4.81,,33.3,,,4.496693723584241,,,
1967-07-01,90.639999,,865.233,5.22,,33.4,,,4.506895605687094,,,
1967-08-01,95.039999,,865.233,5.18,,33.5,,,4.554297845092449,,,
1967-09-01,93.6324995,,865.233,5.25,,33.6,,,4.539377540098057,,,
1967-10-01,96.73250025,,881.439,5.31,,33.7,,,4.571949439580868,,,
1967-11-01,93.1674995,,881.439,5.7,,33.9,,,4.534398943064192,,,
1967-12-01,94.21500025,,881.439,5.78,,34.0,,,4.545579407227959,,,
1968-01-01,96.2775,,909.387,5.7,,34.1,,,4.567234646645054,,,
1968-02-01,92.37749875,,909.387,5.58,,34.2,,,4.525883428970179,,,
1968-03-01,89.217501,,909.387,5.56,,34.3,,,4.491077219892919,,,
1968-04-01,92.062502,,934.344,5.64,,34.4,,,4.52246771594722,,,
1968-05-01,97.71999925,,934.344,5.73,,34.5,,,4.58210623871455,,,
1968-06-01,98.415001,,934.344,5.86,,34.7,,,4.5891932416260035,,,
1968-07-01,99.52000075,,950.825,5.62,,34.9,,,4.600358636527043,,,
1968-08-01,97.654999,,950.825,5.38,,35.0,,,4.5814408490487235,,,
1968-09-01,98.82999825,,950.825,5.42,,35.1,,,4.593401184680919,,,
1968-10-01,102.727501,,968.03,5.49,,35.3,,,4.632079861029441,,,
1968-11-01,103.2825015,,968.03,5.61,,35.4,,,4.637467966810527,,,
1968-12-01,108.1350003,,968.03,5.78,,35.6,,,4.683380449298961,,,
1969-01-01,103.812502,,993.337,6.16,,35.7,,,4.642586406639016,,,
1969-02-01,102.8200015,,993.337,6.19,,35.8,,,4.63297990121596,,,
1969-03-01,98.204998,,993.337,6.26,,36.1,,,4.587057110195603,,,
1969-04-01,101.5549983,,1009.02,6.25,,36.3,,,4.6206005069037515,,,
1969-05-01,103.6324995,,1009.02,6.25,,36.4,,,4.6408509823687325,,,
1969-06-01,103.4375,,1009.02,6.56,,36.6,,,4.638967565571382,,,
1969-07-01,97.8950005,,1029.956,6.75,,36.8,,,4.583895480816749,,,
1969-08-01,92.87499975,,1029.956,6.66,,36.9,,,4.531254500346133,,,
1969-09-01,95.0925005,,1029.956,6.83,,37.1,,,4.554850107346114,,,
1969-10-01,92.81750125,,1038.147,7.52,,37.3,,,4.530635213067132,,,
1969-11-01,97.102501,,1038.147,6.94,,37.5,,,4.575767131917171,,,
1969-12-01,93.56999975,,1038.147,7.29,,37.7,,,4.538709816616025,,,
1970-01-01,91.9375,,1051.2,7.88,,37.9,,,4.521108998361656,,,
1970-02-01,85.36499975,,1051.2,7.75,,38.1,,,4.446936177794596,,,
1970-03-01,89.2875005,,1051.2,6.9,,38.3,,,4.491861506080979,,,
1970-04-01,89.90500075,,1067.375,7.04,,38.5,,,4.49875356562574,,,
1970-05-01,81.387499,,1067.375,7.85,,38.6,,,4.399221686276081,,,
1970-06-01,77.15749925,,1067.375,7.84,,38.8,,,4.345848777584892,,,
1970-07-01,72.857502,,1086.059,7.64,,38.9,,,4.288505506062673,,,
1970-08-01,78.147501,,1086.059,7.38,,39.0,,,4.358598079388841,,,
1970-09-01,81.17499925,,1086.059,7.47,,39.2,,,4.396607308749612,,,
1970-10-01,84.19499975,,1088.608,7.29,,39.4,,,4.433135534092974,,,
1970-11-01,83.23250025,,1088.608,7.33,,39.6,,,4.421637899556714,,,
1970-12-01,87.3475,,1088.608,6.48,,39.8,,,4.469894415678219,,,
1971-01-01,92.14250025,,1135.156,6.5,,39.9,,,4.5233362944771445,,,
1971-02-01,96.18249875,,1135.156,6.09,,39.9,,,4.566247415445502,,,
1971-03-01,96.835001,,1135.156,6.12,,40.0,,,4.57300850950654,,,
1971-04-01,100.329998,,1156.271,5.58,,40.1,,,4.608464733003304,,,
1971-05-01,104.1974983,,1156.271,6.08,,40.3,,,4.646288120393819,,,
1971-06-01,99.95249925,,1156.271,6.36,,40.5,,,4.604695065636291,,,
1971-07-01,99.68750225,,1177.675,6.69,,40.6,,,4.602040315549696,,,
1971-08-01,95.865,,1177.675,6.85,,40.7,,,4.562940951770354,,,
1971-09-01,99.10999875,,1177.675,6.22,,40.8,,,4.596230331806368,,,
1971-10-01,98.67999825,,1190.297,6.0,,40.9,,,4.591882273927066,,,
1971-11-01,93.48500225,,1190.297,5.8,,41.0,,,4.537801019685269,,,
1971-12-01,94.875,,1190.297,5.92,,41.1,,,4.552560235715794,,,
1972-01-01,102.089996,,1230.609,5.89,,41.2,,,4.625854737999808,,,
1972-02-01,103.9050005,,1230.609,6.09,,41.4,,,4.643477024954766,,,
1972-03-01,107.0649985,,1230.609,6.04,,41.4,,,4.673436112647999,,,
1972-04-01,106.8574983,,1266.369,6.12,,41.5,,,4.67149615525053,,,
1972-05-01,107.1650008,,1266.369,6.14,,41.6,,,4.674369710254219,,,
1972-06-01,109.635,,1266.369,6.07,,41.7,,,4.697156666600465,,,
1972-07-01,107.0675013,,1290.566,6.15,,41.8,,,4.673459488828658,,,
1972-08-01,107.9249993,,1290.566,6.14,,41.9,,,4.681436534955555,,,
1972-09-01,111.3549995,,1290.566,6.43,,42.1,,,4.712723291662669,,,
1972-10-01,109.8750018,,1328.904,6.54,,42.2,,,4.6993433723875935,,,
1972-11-01,112.2199995,,1328.904,6.39,,42.4,,,4.720461225867292,,,
1972-12-01,117.129999,,1328.904,6.29,,42.5,,,4.76328442054426,,,
1973-01-01,117.6124993,,1377.49,6.41,,42.7,,,4.767395316381136,,,
1973-02-01,115.5150013,,1377.49,6.6,,43.0,,,4.749400402913273,,,
1973-03-01,111.5975015,,1377.49,6.65,,43.4,,,4.7148986617037645,,,
1973-04-01,111.9974995,,1413.887,6.73,,43.7,,,4.718476545153011,,,
1973-05-01,106.8524988,,1413.887,6.72,,43.9,,,4.671449367546924,,,
1973-06-01,104.307499,,1413.887,6.96,,44.2,,,4.647343257792249,,,
1973-07-01,104.4825018,,1433.838,6.94,,44.2,,,4.6490196104941175,,,
1973-08-01,107.3649998,,1433.838,7.55,,45.0,,,4.6762342425562915,,,
1973-09-01,104.0,,1433.838,7.25,,45.2,,,4.6443908991413725,,,
1973-10-01,108.175001,,1476.289,6.91,,45.6,,,4.683750295355228,,,
1973-11-01,108.0149993,,1476.289,6.71,,45.9,,,4.682270099888358,,,
1973-12-01,96.5550005,,1476.289,6.69,,46.3,,,4.570112799351085,,,
1974-01-01,97.335001,,1491.209,6.9,,46.8,,,4.578158647015038,,,
1974-02-01,95.79500025,,1491.209,7.0,,47.3,,,4.5622104941576955,,,
1974-03-01,95.74,,1491.209,7.08,,47.8,,,4.561636183964363,,,
1974-04-01,93.68250075,,1530.056,7.42,,48.1,,,4.539911413531801,,,
1974-05-01,91.3449995,,1530.056,7.62,,48.6,,,4.51464354131478,,,
1974-06-01,87.2299995,,1530.056,7.52,,49.0,,,4.468548302713154,,,
1974-07-01,86.057499,,1560.026,7.65,,49.3,,,4.4550156658680224,,,
1974-08-01,79.012499,,1560.026,7.92,,49.9,,,4.369606055142192,,,
1974-09-01,71.317501,,1560.026,8.11,,50.6,,,4.267141753121376,,,
1974-10-01,63.26250075,,1599.679,7.97,,51.0,,,4.147292748395561,,,
1974-11-01,73.82749925,,1599.679,7.8,,51.5,,,4.301731280765056,,,
1974-12-01,69.89500025,,1599.679,7.64,,51.9,,,4.2469941194998855,,,
1975-01-01,67.97750125,,1616.116,7.4,,52.3,,,4.219176786457958,,,
1975-02-01,76.58000175,,1616.116,7.53,,52.6,,,4.338335968901068,,,
1975-03-01,81.1124975,,1616.116,7.46,,52.8,,,4.3958370491258965,,,
1975-04-01,82.89249975,,1651.853,8.08,,53.0,,,4.417544584586277,,,
1975-05-01,87.86000025,,1651.853,8.31,,53.1,,,4.475744641393069,,,
1975-06-01,90.62750275,,1651.853,8.04,,53.5,,,4.506757729345233,,,
1975-07-01,94.975,,1709.82,7.97,,54.0,,,4.553613699073689,,,
1975-08-01,88.3099995,,1709.82,8.26,,54.2,,,4.480853345818838,,,
1975-09-01,86.7775,,1709.82,8.22,,54.6,,,4.463347371474016,,,
1975-10-01,83.705,,1761.831,8.47,,54.9,,,4.427298712867748,,,
1975-11-01,89.125,,1761.831,7.91,,55.3,,,4.49003987873446,,,
1975-12-01,91.035,,1761.831,8.12,,55.6,,,4.511244047955928,,,
1976-01-01,89.96999925,,1820.487,7.76,,55.8,,,4.499476273092915,,,
1976-02-01,100.7250005,,1820.487,7.8,,55.9,,,4.6123940360414215,,,
1976-03-01,99.75999825,,1820.487,7.86,,56.0,,,4.60276728382968,,,
1976-04-01,102.4374983,,1852.332,7.68,,56.1,,,4.629252839908563,,,
1976-05-01,101.8950005,,1852.332,7.67,,56.4,,,4.623942876218387,,,
1976-06-01,100.0324993,,1852.332,7.94,,56.7,,,4.605495126189306,,,
1976-07-01,103.9974993,,1886.558,7.88,,57.0,,,4.6443668536599745,,,
1976-08-01,103.18,,1886.558,7.86,,57.3,,,4.636475035816504,,,
1976-09-01,103.4675008,,1886.558,7.64,,57.6,,,4.639257561464127,,,
1976-10-01,104.6899985,,1934.273,7.49,,57.9,,,4.651003588003247,,,
1976-11-01,102.9925003,,1934.273,7.38,,58.1,,,4.634656172957309,,,
1976-12-01,102.3099995,,1934.273,6.97,,58.4,,,4.628007415003741,,,
1977-01-01,107.1774998,,1988.648,6.81,,58.7,,,4.674486336681356,,,
1977-02-01,102.2999995,,1988.648,7.41,,59.3,,,4.627909668069996,,,
1977-03-01,100.2900013,,1988.648,7.49,,59.6,,,4.608066002062526,,,
1977-04-01,98.8949985,,2055.909,7.43,,60.0,,,4.594058666065771,,,
1977-05-01,98.272501,,2055.909,7.45,,60.2,,,4.5877442423404995,,,
1977-06-01,96.55249975,,2055.909,7.38,,60.5,,,4.570086899269556,,,
1977-07-01,100.2425,,2118.473,7.34,,60.8,,,4.607592250420468,,,
1977-08-01,99.067499,,2118.473,7.43,,61.1,,,4.595801425889864,,,
1977-09-01,96.8724995,,2118.473,7.3,,61.3,,,4.5733956757274825,,,
1977-10-01,96.22249975,,2164.27,7.41,,61.6,,,4.566663215459932,,,
1977-11-01,91.6825005,,2164.27,7.63,,62.0,,,4.518331526809154,,,
1977-12-01,94.800001,,2164.27,7.58,,62.3,,,4.551769419809499,,,
1978-01-01,95.0375,,2202.76,7.78,,62.7,,,4.554271550554555,,,
1978-02-01,89.5599995,,2202.76,7.96,,63.0,,,4.494908786147705,,,
1978-03-01,87.07749925,,2202.76,8.05,,63.4,,,4.466798518108322,,,
1978-04-01,89.2350005,,2331.633,8.15,,63.9,,,4.4912733449111615,,,
1978-05-01,97.30250175,,2331.633,8.24,,64.5,,,4.57782470057776,,,
1978-06-01,97.2924975,,2331.633,8.41,,65.0,,,4.577721879333151,,,
1978-07-01,95.48250025,,2395.053,8.62,,65.5,,,4.558942987240054,,,
1978-08-01,100.6875,,2395.053,8.54,,65.9,,,4.612021660937193,,,
1978-09-01,103.4925003,,2395.053,8.38,,66.5,,,4.639499149210443,,,
1978-10-01,102.307501,,2476.949,8.56,,67.1,,,4.627982993827702,,,
1978-11-01,95.629999,,2476.949,8.66,,67.5,,,4.560486567904482,,,
1978-12-01,95.74750125,,2476.949,8.8,,67.9,,,4.561714531114489,,,
1979-01-01,96.2250005,,2526.61,9.15,,68.5,,,4.566689204365964,,,
1979-02-01,99.8199995,,2526.61,8.94,,69.2,,,4.603368559032447,,,
1979-03-01,96.61000075,,2526.61,9.17,,69.9,,,4.57068226329259,,,
1979-04-01,101.789999,,2591.247,9.11,,70.6,,,4.6229118576401005,,,
1979-05-01,101.7900008,,2591.247,9.36,,71.4,,,4.622911875323567,,,
1979-06-01,99.12999925,,2591.247,9.05,,72.2,,,4.5964321124789835,,,
1979-07-01,102.8550015,,2667.565,8.81,,73.0,,,4.6333202439880745,,,
1979-08-01,103.9224988,,2667.565,8.99,,73.7,,,4.643645417492811,,,
1979-09-01,109.1800005,,2667.565,9.24,,74.4,,,4.692997900933205,,,
1979-10-01,108.6599998,,2723.883,9.51,,75.2,,,4.6882237392827735,,,
1979-11-01,102.1399995,,2723.883,10.79,,76.0,,,4.626344416324256,,,
1979-12-01,106.422501,,2723.883,10.38,,76.9,,,4.667417030113649,,,
1980-01-01,107.8924998,838.74,2789.842,10.33,,78.0,,,4.681135359190095,,,
1980-02-01,114.4875013,881.48,2789.842,11.29,,79.0,,,4.740465658084057,,,
1980-03-01,112.9750005,863.14,2789.842,12.72,,80.1,,,4.727166559723101,,,
1980-04-01,102.0999983,784.47,2797.352,12.69,,80.9,,,4.625952708520277,,,
1980-05-01,105.8325005,808.79,2797.352,10.57,,81.7,,,4.661857660342335,,,
1980-06-01,110.4825003,850.85,2797.352,10.25,,82.5,,,4.704857140090428,,,
1980-07-01,114.539999,872.27,2856.483,10.13,,82.6,,,4.740924098235137,,,
1980-08-01,121.334999,931.48,2856.483,10.76,,83.2,,,4.798555306896381,,,
1980-09-01,122.1324998,932.59,2856.483,11.55,,83.9,,,4.805106519326917,,,
1980-10-01,126.2824993,939.42,2985.557,11.78,,84.7,,,4.838521455226595,,,
1980-11-01,126.822502,924.49,2985.557,12.46,,85.6,,,4.842788486826685,,,
1980-12-01,138.7850038,969.45,2985.557,12.92,,86.4,,,4.932926000449027,,,
1981-01-01,135.5349963,963.99,3124.206,12.43,,87.2,,,4.909229882249191,,,
1981-02-01,130.0125008,947.27,3124.206,12.68,,88.0,,,4.867630605832506,,,
1981-03-01,130.685005,974.58,3124.206,13.43,,88.6,,,4.872789885662756,,,
1981-04-01,136.2924995,1014.14,3162.532,13.14,,89.1,,,4.9148033078412885,,,
1981-05-01,132.7824975,995.59,3162.532,14.05,,89.7,,,4.888712432422751,,,
1981-06-01,132.7775,997.96,3162.532,13.46,,90.5,,,4.888674794976994,,,
1981-07-01,130.4275015,967.66,3260.609,14.04,,91.5,,,4.870817528329667,,,
1981-08-01,130.5774995,952.34,3260.609,14.67,,92.2,,,4.871966916394561,,,
1981-09-01,122.829998,882.71,3260.609,15.41,,93.1,,,4.810801269268336,,,
1981-10-01,116.4800015,852.26,3280.818,15.75,,93.4,,,4.757719597326123,,,
1981-11-01,120.477499,852.55,3280.818,14.63,,93.8,,,4.7914630052039815,,,
1981-12-01,126.1474988,890.22,3280.818,13.37,,94.1,,,4.837451847700652,,,
1982-01-01,122.460001,875.0,3274.302,13.98,,94.4,,,4.80778445421574,,,
1982-02-01,118.6349985,851.69,3274.302,14.58,,94.7,,,4.776051539995667,,,
1982-03-01,113.15,828.39,3274.302,13.85,,94.7,,,4.728714372079547,,,
1982-04-01,112.862501,833.24,3331.972,14.1,,95.0,,,4.7261702724939365,,,
1982-05-01,116.375,848.36,3331.972,13.87,,95.9,,,4.756817735597231,,,
1982-06-01,111.8450013,814.97,3331.972,13.93,,97.0,,,4.717113995833304,,,
1982-07-01,109.119999,803.27,3366.322,14.4,,97.5,,,4.692448184930929,,,
1982-08-01,107.3499983,808.6,3366.322,13.68,,97.7,,,4.67609450848874,,,
1982-09-01,118.9500008,895.05,3366.322,12.76,,97.7,,,4.778703243474482,,,
1982-10-01,121.1225015,907.74,3402.561,11.51,,98.1,,,4.796802442547201,,,
1982-11-01,134.6100005,1005.7,3402.561,10.56,,98.0,,,4.902381712370436,,,
1982-12-01,139.0,1031.09,3402.561,10.74,,97.7,,,4.9344739331306915,,,
1983-01-01,140.5074995,1046.54,3473.413,10.36,,97.9,,,4.945260864573487,,,
1983-02-01,144.125,1059.79,3473.413,10.78,,98.0,,,4.970680978589223,,,
1983-03-01,149.475006,1130.71,3473.413,10.22,,98.1,,,5.007129194907459,,,
1983-04-01,153.562504,1130.03,3578.848,10.62,,98.8,,,5.034107676329423,,,
1983-05-01,163.637497,1226.2,3578.848,10.27,,99.2,,,5.097653597173011,,,
1983-06-01,162.2250023,1202.21,3578.848,10.77,,99.4,,,5.088984274685071,,,
1983-07-01,168.2900008,1225.26,3689.179,10.93,,99.8,,,5.125688686478681,,,
1983-08-01,162.1774978,1194.21,3689.179,11.8,,100.1,,,5.088691400861196,,,
1983-09-01,164.3099978,1206.81,3689.179,11.97,,100.4,,,5.101754874074414,,,
1983-10-01,166.540001,1233.13,3794.706,11.44,,100.8,,,5.115235526812237,,,
1983-11-01,163.3100015,1229.27,3794.706,11.69,,101.1,,,5.095650244273638,,,
1983-12-01,166.4275015,1275.1,3794.706,11.63,,101.4,,,5.114559788168458,,,
1984-01-01,164.8549998,1258.64,3908.054,11.82,,102.1,,,5.105066298448168,,,
1984-02-01,163.1050033,1212.31,3908.054,11.64,,102.6,,,5.094394185428687,,,
1984-03-01,157.5525015,1159.44,3908.054,12.07,,102.9,,,5.059758745576444,,,
1984-04-01,159.2849998,1164.89,4009.601,12.53,,103.3,,,5.070695049268307,,,
1984-05-01,160.8675003,1183.0,4009.601,12.82,,103.5,,,5.080581046647811,,,
1984-06-01,151.895004,1124.35,4009.601,13.63,,103.7,,,5.023189519001588,,,
1984-07-01,153.2299995,1132.4,4084.25,13.84,,104.1,,,5.0319400573270165,,,
1984-08-01,152.370003,1134.61,4084.25,12.81,,104.4,,,5.026311793170178,,,
1984-09-01,166.4349978,1224.38,4084.25,12.79,,104.7,,,5.114604829589568,,,
1984-10-01,165.3250008,1198.98,4148.551,12.54,,105.1,,,5.1079132383996795,,,
1984-11-01,166.8749998,1217.09,4148.551,11.66,,105.3,,,5.117245027956012,,,
1984-12-01,163.5975038,1188.94,4148.551,11.58,,105.5,,,5.097409166106033,,,
1985-01-01,166.7249985,1211.57,4230.168,11.55,,105.7,,,5.116345739521519,,,
1985-02-01,179.0825043,1277.72,4230.168,11.29,,106.3,,,5.187846617527834,,,
1985-03-01,182.364998,1299.36,4230.168,11.86,,106.8,,,5.206010162295835,,,
1985-04-01,180.9075013,1272.75,4294.887,11.66,,107.0,,,5.197985858097644,,,
1985-05-01,179.147499,1242.05,4294.887,11.27,,107.2,,,5.188209483285109,,,
1985-06-01,188.584999,1315.41,4294.887,10.28,,107.5,,,5.23954882832973,,,
1985-07-01,191.9699975,1337.14,4386.773,10.19,,107.7,,,5.257339096796611,,,
1985-08-01,191.5275003,1355.62,4386.773,10.51,,107.9,,,5.255031403010272,,,
1985-09-01,188.6725008,1334.01,4386.773,10.28,,108.1,,,5.240012712025166,,,
1985-10-01,183.5575028,1340.95,4444.094,10.29,,108.5,,,5.21252798516301,,,
1985-11-01,190.5625,1390.25,4444.094,9.98,,109.0,,,5.249980224748474,,,
1985-12-01,202.5074958,1472.13,4444.094,9.59,,109.5,,,5.310776902157804,,,
1986-01-01,211.0624965,1546.67,4507.894,9.0,,109.9,,,5.3521542815630205,,,
1986-02-01,210.6800003,1570.99,4507.894,9.08,,109.7,,,5.350340396039149,,,
1986-03-01,226.7574995,1709.06,4507.894,8.13,,109.1,,,5.423881162318218,,,
1986-04-01,236.9275015,1790.11,4545.34,7.37,,108.7,,,5.467754193494042,,,
1986-05-01,235.2250025,1777.78,4545.34,7.45,,109.0,,,5.460542513520951,,,
1986-06-01,247.7374993,1876.71,4545.34,8.05,,109.4,,,5.512369715024895,,,
1986-07-01,251.3199958,1903.54,4607.669,7.37,,109.5,,,5.5267270108229845,,,
1986-08-01,235.6274985,1763.64,4607.669,7.34,,109.6,,,5.462252161859584,,,
1986-09-01,252.892498,1898.34,4607.669,6.95,,110.0,,,5.5329644893371634,,,
1986-10-01,232.7150038,1782.9,4657.627,7.41,,110.2,,,5.449814545238717,,,
1986-11-01,243.7849963,1877.81,4657.627,7.34,,110.4,,,5.4962866741362175,,,
1986-12-01,248.3025015,1912.68,4657.627,7.18,,110.8,,,5.514647766970018,,,
1987-01-01,242.7124978,1895.95,4722.156,7.23,63.733,111.4,,,5.49187760625635,,,
1987-02-01,273.484993,2158.04,4722.156,7.18,64.132,111.8,,,5.611246750155514,,,
1987-03-01,283.619995,2223.99,4722.156,7.19,64.468,112.2,,,5.647635296403978,,,
1987-04-01,291.1725005,2316.05,4806.16,7.59,64.972,112.7,,,5.6739158767671025,,,
1987-05-01,287.8124923,2280.4,4806.16,8.39,65.546,113.0,,,5.662309199696097,,,
1987-06-01,290.284996,2288.23,4806.16,8.45,66.218,113.5,,,5.670863185230549,,,
1987-07-01,303.3649978,2409.76,4884.555,8.36,66.786,113.8,,,5.71493669374635,,,
1987-08-01,318.279999,2572.07,4884.555,8.66,67.27,114.3,,,5.762931495367447,,,
1987-09-01,327.054993,2610.97,4884.555,9.05,67.623,114.7,,,5.790128331069465,,,
1987-10-01,324.5824893,2639.2,5007.994,9.66,67.90100000000001,115.0,,,5.782539708154032,,,
1987-11-01,248.8424985,1993.53,5007.994,8.88,68.09100000000001,115.4,,,5.516820160184743,,,
1987-12-01,231.6600035,1842.34,5007.994,9.01,68.342,115.6,,,5.445270794612548,,,
1988-01-01,247.0,1938.83,5073.372,8.83,68.58,116.0,,,5.5093883366279774,,,
1988-02-01,256.3224908,1944.63,5073.372,8.26,68.913,116.2,,,5.546436381373354,,,
1988-03-01,267.0950088,2070.46,5073.372,8.15,69.322,116.5,,,5.587604433307098,,,
1988-04-01,258.0275043,1988.06,5190.036,8.57,69.78699999999999,117.2,,,5.5530661850535745,,,
1988-05-01,261.6249923,2032.33,5190.036,8.87,70.408,117.5,,,5.5669121513347255,,,
1988-06-01,264.5950013,2064.01,5190.036,9.03,71.067,118.0,,,5.578200359968016,,,
1988-07-01,272.4649965,2131.58,5282.835,8.77,71.685,118.5,,,5.60751015264147,,,
1988-08-01,272.0624923,2130.51,5282.835,9.07,72.185,119.0,,,5.606031791010196,,,
1988-09-01,259.5924988,2002.31,5282.835,9.25,72.574,119.5,,,5.559113089189039,,,
1988-10-01,272.7474978,2112.91,5399.509,8.87,72.822,119.9,,,5.6085464507022635,,,
1988-11-01,278.902504,2150.96,5399.509,8.68,73.06399999999998,120.3,,,5.630862272721502,,,
1988-12-01,273.034996,2101.88,5399.509,9.01,73.277,120.7,,,5.609599977445453,,,
1989-01-01,278.652504,2168.57,5511.253,9.14,73.616,121.2,,,5.629965500158554,,,
1989-02-01,297.2774963,2338.21,5511.253,8.99,73.967,121.6,,,5.694666033563636,,,
1989-03-01,288.17749,2243.04,5511.253,9.36,74.40999999999998,122.2,,,5.663576575032725,,,
1989-04-01,293.717491,2293.62,5612.463,9.3,74.867,123.1,,,5.68261839039794,,,
1989-05-01,308.9500048,2414.96,5612.463,9.14,75.295,123.7,,,5.733179467043483,,,
1989-06-01,321.265007,2490.63,5612.463,8.61,75.69499999999998,124.1,,,5.772266349515234,,,
1989-07-01,318.0000075,2440.06,5695.365,8.1,76.04,124.5,,,5.7620514063650825,,,
1989-08-01,345.1874925,2641.12,5695.365,7.74,76.271,124.5,,,5.844087725934084,,,
1989-09-01,352.4900055,2752.09,5695.365,8.19,76.42,124.8,,,5.865022268658874,,,
1989-10-01,349.0449983,2692.82,5747.237,8.31,76.48699999999998,125.4,,,5.85520084884805,,,
1989-11-01,340.772499,2645.9,5747.237,7.91,76.521,125.9,,,5.8312150962765745,,,
1989-12-01,348.6275025,2747.65,5747.237,7.81,76.497,126.3,,,5.854004024121962,,,
1990-01-01,352.040001,2753.2,5872.701,7.93,76.527,127.5,,,5.863744808346198,,,
1990-02-01,328.8724978,2586.26,5872.701,8.42,76.587,128.0,,,5.795670130969674,,,
1990-03-01,332.5274965,2635.59,5872.701,8.59,76.79,128.6,,,5.806722552917365,,,
1990-04-01,340.0875015,2707.21,5960.028,8.65,77.03799999999998,128.9,,,5.829202941852425,,,
1990-05-01,331.6699908,2668.92,5960.028,9.08,77.296,129.1,,,5.804140470952821,,,
1990-06-01,362.2874985,2900.97,5960.028,8.44,77.50399999999999,129.9,,,5.892438091371379,,,
1990-07-01,358.012497,2880.69,6015.116,8.43,77.56,130.5,,,5.880567893612666,,,
1990-08-01,355.709999,2899.26,6015.116,8.29,77.47800000000002,131.6,,,5.87411578932681,,,
1990-09-01,320.107498,2614.36,6015.116,8.86,77.22800000000002,132.5,,,5.768656870631504,,,
1990-10-01,310.520004,2515.84,6004.733,8.71,76.91199999999996,133.4,,,5.738248324419097,,,
1990-11-01,304.9724883,2454.95,6004.733,8.57,76.381,133.7,,,5.720221570243858,,,
1990-12-01,319.270004,2559.65,6004.733,8.26,75.971,134.2,,,5.766037152307503,,,
1991-01-01,329.1650008,2633.66,6035.178,8.08,75.533,134.7,,,5.7965591472336015,,,
1991-02-01,343.0574953,2730.69,6035.178,7.91,75.24899999999998,134.8,,,5.837898057899817,,,
1991-03-01,367.935005,2909.9,6035.178,8.12,75.137,134.8,,,5.907906305722513,,,
1991-04-01,373.0024948,2881.19,6126.862,8.07,75.316,135.1,,,5.921585108093297,,,
1991-05-01,377.8424988,2930.2,6126.862,8.01,75.768,135.6,,,5.934477438947319,,,
1991-06-01,387.9124985,3027.5,6126.862,8.06,76.25199999999998,136.0,,,5.960779794860069,,,
1991-07-01,374.550003,2958.41,6205.937,8.26,76.51699999999998,136.2,,,5.925725313403503,,,
1991-08-01,387.340004,3017.67,6205.937,8.2,76.59399999999998,136.6,,,5.959302870626431,,,
1991-09-01,395.4925003,3043.6,6205.937,7.82,76.575,137.0,,,5.980131824448903,,,
1991-10-01,388.619995,3018.34,6264.54,7.45,76.292,137.2,,,5.962601989556842,,,
1991-11-01,392.1375043,3056.35,6264.54,7.48,76.031,137.8,,,5.971612554558358,,,
1991-12-01,375.7424928,2894.68,6264.54,7.38,75.84399999999998,138.2,,,5.9289040491919796,,,
1992-01-01,415.8200073,3168.83,6363.102,6.71,75.70100000000002,138.3,,,6.0302524918709155,,,
1992-02-01,410.4250033,3223.39,6363.102,7.31,75.656,138.6,,,6.0171932162210275,,,
1992-03-01,413.607498,3267.66,6363.102,7.27,75.815,139.1,,,6.024917451656591,,,
1992-04-01,403.287506,3249.33,6470.763,7.46,76.081,139.4,,,5.999649721979663,,,
1992-05-01,413.1399993,3336.09,6470.763,7.56,76.39799999999998,139.7,,,6.023786516875766,,,
1992-06-01,415.597496,3413.21,6470.763,7.39,76.60300000000002,140.1,,,6.02971723418286,,,
1992-07-01,410.5400085,3354.1,6566.641,7.1,76.712,140.5,,,6.017473386993471,,,
1992-08-01,423.8474958,3393.78,6566.641,6.72,76.732,140.8,,,6.049373710814712,,,
1992-09-01,414.8800048,3266.26,6566.641,6.56,76.62899999999999,141.1,,,6.027989333359964,,,
1992-10-01,417.0550003,3254.37,6680.803,6.23,76.598,141.7,,,6.033218108305231,,,
1992-11-01,419.802498,3226.28,6680.803,6.8,76.58,142.1,,,6.039784357821425,,,
1992-12-01,430.7000045,3294.36,6680.803,6.94,76.465,142.3,,,6.065411802508173,,,
1993-01-01,437.4574963,3301.11,6729.459,6.7,76.396,142.8,,,6.080979549763889,,,
1993-02-01,440.649994,3332.18,6729.459,6.38,76.32899999999998,143.1,,,6.088250895929421,,,
1993-03-01,442.727501,3355.41,6729.459,5.94,76.384,143.3,,,6.092954458883882,,,
1993-04-01,451.050003,3439.44,6808.939,6.06,76.661,143.8,,,6.111578204753795,,,
1993-05-01,440.0650103,3427.55,6808.939,6.05,77.031,144.2,,,6.086922466680068,,,
1993-06-01,452.4800035,3552.34,6808.939,6.07,77.51699999999998,144.3,,,6.114743571003301,,,
1993-07-01,449.8549958,3510.54,6882.098,5.8,77.88600000000001,144.5,,,6.108925299281067,,,
1993-08-01,448.8800048,3539.47,6882.098,5.83,78.132,144.8,,,6.106755602135998,,,
1993-09-01,463.0674898,3645.1,6882.098,5.46,78.199,145.0,,,6.1378728097700535,,,
1993-10-01,460.0100023,3581.11,7013.738,5.34,78.173,145.6,,,6.131248233377176,,,
1993-11-01,468.3424913,3692.61,7013.738,5.56,78.171,146.0,,,6.149199847285776,,,
1993-12-01,462.4800035,3697.08,7013.738,5.82,78.11399999999999,146.3,,,6.1366033203421155,,,
1994-01-01,468.077507,3754.09,7115.652,5.83,78.199,146.3,,,6.14863389545315,,,
1994-02-01,480.5100023,3964.01,7115.652,5.77,78.206,146.7,,,6.174848044634895,,,
1994-03-01,465.2699965,3809.23,7115.652,6.28,78.34999999999998,147.1,,,6.142617874716957,,,
1994-04-01,443.6599963,3635.96,7246.931,6.77,78.70100000000002,147.2,,,6.095058494978368,,,
1994-05-01,449.8100053,3681.69,7246.931,7.06,79.209,147.5,,,6.108825283163996,,,
1994-06-01,456.602501,3760.83,7246.931,7.12,79.70100000000002,147.9,,,6.1238132115226565,,,
1994-07-01,445.125,3646.65,7331.075,7.34,80.063,148.4,,,6.098355141597942,,,
1994-08-01,459.5950015,3798.16,7331.075,7.13,80.31699999999998,149.0,,,6.130345670153927,,,
1994-09-01,473.9724958,3901.44,7331.075,7.19,80.34100000000002,149.3,,,6.161149294273121,,,
1994-10-01,463.047493,3843.18,7455.288,7.62,80.305,149.4,,,6.137829625499473,,,
1994-11-01,470.145012,3863.37,7455.288,7.91,80.171,149.8,,,6.153041183286821,,,
1994-12-01,451.0875015,3700.87,7455.288,7.92,80.08,150.1,,,6.111661337313598,,,
1995-01-01,460.4499968,3834.44,7522.289,7.84,80.027,150.5,,,6.132204265217653,,,
1995-02-01,470.715004,3847.56,7522.289,7.66,79.992,150.9,,,6.154252823828537,,,
1995-03-01,486.4475023,3994.8,7522.289,7.23,80.078,151.2,,,6.187128986862053,,,
1995-04-01,500.1425015,4157.69,7580.997,7.2,80.37,151.8,,,6.214893060816552,,,
1995-05-01,514.5099948,4316.08,7580.997,7.09,80.691,152.1,,,6.243214981324484,,,
1995-06-01,532.787506,4472.75,7580.997,6.2,81.069,152.4,,,6.278122669251531,,,
1995-07-01,544.737503,4556.09,7683.125,6.21,81.41299999999998,152.6,,,6.300304032763053,,,
1995-08-01,560.1199953,4700.36,7683.125,6.5,81.656,152.9,,,6.328151038096517,,,
1995-09-01,562.8375093,4647.54,7683.125,6.22,81.73899999999999,153.1,,,6.332990970673962,,,
1995-10-01,585.4724883,4789.08,7772.586,6.17,81.72800000000002,153.5,,,6.372419193547788,,,
1995-11-01,582.7499848,4766.68,7772.586,5.98,81.632,153.7,,,6.36775825183264,,,
1995-12-01,606.4574888,5087.13,7772.586,5.71,81.51399999999998,153.9,,,6.40763463326468,,,
1996-01-01,614.5849915,5117.12,7868.468,5.58,81.42799999999998,154.7,,,6.420947229450279,,,
1996-02-01,636.8700105,5405.05,7868.468,5.63,81.4,155.0,,,6.456565569598901,,,
1996-03-01,641.0449983,5536.56,7868.468,5.99,81.66599999999998,155.5,,,6.463099654612761,,,
1996-04-01,649.6499938,5637.72,8032.84,6.31,82.125,156.1,,,6.476433746785145,,,
1996-05-01,654.362503,5575.22,8032.84,6.68,82.602,156.4,,,6.483661483830214,,,
1996-06-01,670.3200073,5643.17,8032.84,6.85,83.04899999999996,156.7,,,6.507755221195352,,,
1996-07-01,673.255005,5729.98,8131.408,6.74,83.41899999999998,157.0,,,6.512124165752453,,,
1996-08-01,645.0299988,5594.75,8131.408,6.65,83.646,157.2,,,6.469296825481669,,,
1996-09-01,654.405014,5616.2,8131.408,6.96,83.703,157.7,,,6.483726447239625,,,
1996-10-01,687.5924988,5904.9,8259.771,6.65,83.62999999999998,158.2,,,6.5331963641996245,,,
1996-11-01,704.735001,6021.92,8259.771,6.38,83.557,158.7,,,6.557821847043371,,,
1996-12-01,756.32251,6521.7,8259.771,6.06,83.491,159.1,,,6.628467885740498,,,
1997-01-01,747.319992,6448.26,8362.655,6.43,83.531,159.4,,,6.616493462886718,,,
1997-02-01,786.589981,6813.08,8362.655,6.53,83.59700000000002,159.7,,,6.667707122820228,,,
1997-03-01,792.5225065,6877.73,8362.655,6.56,83.912,159.8,,,6.675220904717266,,,
1997-04-01,757.3775025,6611.04,8518.825,6.9,84.322,159.9,,,6.629861811435301,,,
1997-05-01,799.0075225,6976.47,8518.825,6.69,84.86499999999998,159.9,,,6.683370360615572,,,
1997-06-01,844.025009,7331.04,8518.825,6.67,85.399,160.2,,,6.73818212567354,,,
1997-07-01,888.6475068,7722.32,8662.823,6.45,85.84200000000001,160.4,,,6.789700651598059,,,
1997-08-01,948.9549868,8194.04,8662.823,6.2,86.15100000000001,160.8,,,6.855361365240515,,,
1997-09-01,901.8099975,7622.42,8662.823,6.34,86.31200000000001,161.2,,,6.804403852086544,,,
1997-10-01,951.6700133,8015.49,8765.907,6.04,86.40899999999996,161.5,,,6.858218350018269,,,
1997-11-01,910.4774935,7442.08,8765.907,5.84,86.63299999999998,161.7,,,6.813969180026342,,,
1997-12-01,965.085022,8013.1,8765.907,5.86,86.84899999999999,161.8,,,6.872216203157389,,,
1998-01-01,970.9250033,7908.24,8866.48,5.75,87.164,162.0,,,6.878249228748181,,,
1998-02-01,983.2024993,7906.5,8866.48,5.53,87.37399999999998,162.0,,,6.89081510025429,,,
1998-03-01,1048.517517,8545.71,8866.48,5.62,87.87799999999999,162.0,,,6.95513255692631,,,
1998-04-01,1103.595001,8868.31,8969.699,5.62,88.55899999999998,162.2,,,7.006328312611958,,,
1998-05-01,1116.380005,9147.06,8969.699,5.67,89.375,162.6,,,7.017846591254553,,,
1998-06-01,1090.967468,8922.37,8969.699,5.53,90.196,162.8,,,6.9948201668733665,,,
1998-07-01,1141.200013,9048.66,9121.097,5.44,90.86000000000001,163.2,,,7.039835630730862,,,
1998-08-01,1130.222504,8883.29,9121.097,5.5,91.408,163.4,,,7.030169798517596,,,
1998-09-01,973.0575103,7827.42,9121.097,5.05,91.753,163.5,,,6.8804431866058,,,
1998-10-01,1000.425003,7632.53,9293.991,4.33,92.0,163.9,,,6.908180191693943,,,
1998-11-01,1093.577545,8592.11,9293.991,4.64,92.198,164.1,,,6.99720975209725,,,
1998-12-01,1166.277527,9133.54,9293.991,4.67,92.445,164.4,,,7.0615723548840785,,,
1999-01-01,1230.825012,9181.43,9411.682,4.65,92.715,164.7,,,7.115439964983359,,,
1999-02-01,1276.925019,9345.69,9411.682,4.75,92.98200000000001,164.7,,,7.152210137785556,,,
1999-03-01,1233.767487,9324.78,9411.682,5.4,93.612,164.8,,,7.1178277645074255,,,
1999-04-01,1289.297516,9832.5,9526.21,5.27,94.437,165.9,,,7.161852787788084,,,
1999-05-01,1336.104981,10789.04,9526.21,5.36,95.361,166.0,,,7.19751392960227,,,
1999-06-01,1294.844971,10596.26,9526.21,5.78,96.365,166.0,,,7.16614625345389,,,
1999-07-01,1374.317505,11066.43,9686.626,5.85,97.193,166.7,,,7.225712526873268,,,
1999-08-01,1337.290009,10655.15,9686.626,5.92,97.899,167.1,,,7.198400463827138,,,
1999-09-01,1325.762512,10937.88,9686.626,5.99,98.401,167.8,,,7.189743053649492,,,
1999-10-01,1278.617523,10273.0,9900.169,6.0,98.833,168.1,,,7.153534713072127,,,
1999-11-01,1359.600037,10648.52,9900.169,6.06,99.15,168.4,,,7.214945845035847,,,
1999-12-01,1393.532501,10998.39,9900.169,6.21,99.544,168.8,,,7.239597169936707,,,
2000-01-01,1466.082489,11497.12,10002.179,6.45,100.0,169.3,,,7.290349148940006,,,
2000-02-01,1400.255005,11041.06,10002.179,6.62,100.571,170.0,,,7.244409645445275,,,
2000-03-01,1373.872498,10137.93,10002.179,6.39,101.466,171.0,,,7.22538867226103,,,
2000-04-01,1497.672516,10921.93,10247.72,6.03,102.541,170.9,,,7.3116675260254045,,,
2000-05-01,1463.65503,10811.79,10247.72,6.29,103.702,171.2,,,7.288692031509009,,,
2000-06-01,1434.705018,10652.2,10247.72,6.2,104.855,172.2,,,7.268714544693544,,,
2000-07-01,1447.595002,10447.9,10318.165,6.03,105.722,172.7,,,7.277658839072409,,,
2000-08-01,1435.357483,10606.95,10318.165,6.0,106.522,172.7,,,7.269169214242386,,,
2000-09-01,1521.017517,11238.78,10318.165,5.68,107.136,173.6,,,7.327134808958261,,,
2000-10-01,1447.345032,10650.92,10435.744,5.8,107.729,173.9,,,7.277486144648562,,,
2000-11-01,1422.667481,10899.47,10435.744,5.74,108.292,174.2,,,7.260288896152621,,,
2000-12-01,1317.967499,10373.54,10435.744,5.52,108.792,174.6,,,7.183846055426084,,,
2001-01-01,1328.027497,10786.85,10470.231,5.12,109.215,175.6,,,7.191450035394311,,,
2001-02-01,1368.079987,10983.62,10470.231,5.1,109.643,176.0,,,7.22116356650243,,,
2001-03-01,1234.257477,10450.14,10470.231,4.87,110.395,176.1,,,7.11822483505054,,,
2001-04-01,1153.727478,9878.78,10599.0,4.93,111.248,176.4,,,7.05075326493314,,,
2001-05-01,1256.479981,10898.34,10599.0,5.3,112.203,177.3,,,7.136069424504955,,,
2001-06-01,1257.17749,10990.41,10599.0,5.39,113.273,177.7,,,7.136624399895158,,,
2001-07-01,1227.252503,10502.4,10598.02,5.42,114.227,177.4,,,7.112533212455332,,,
2001-08-01,1215.357513,10510.01,10598.02,5.11,114.989,177.4,,,7.102793561874505,,,
2001-09-01,1132.704987,9949.75,10598.02,4.85,115.465,178.1,,,7.0323638449514565,,,
2001-10-01,1036.797485,8836.83,10660.465,4.55,115.681,177.6,,,6.943891899862043,,,
2001-11-01,1070.950012,9263.9,10660.465,4.24,115.838,177.5,,,6.976301395222156,,,
2001-12-01,1139.777466,9851.56,10660.465,4.78,116.055,177.4,,,7.0385883170703565,,,
2002-01-01,1154.575012,10021.5,10783.5,5.07,116.436,177.7,,,7.051487600265496,,,
2002-02-01,1125.277466,9907.26,10783.5,5.02,116.916,178.0,,,7.025784920673197,,,
2002-03-01,1119.257507,10368.86,10783.5,4.98,117.929,178.5,,,7.020420804268562,,,
2002-04-01,1143.660004,10362.7,10887.46,5.44,119.209,179.3,,,7.04198892846658,,,
2002-05-01,1079.247498,10059.63,10887.46,5.08,120.788,179.5,,,6.984019316156319,,,
2002-06-01,1069.097534,9925.25,10887.46,5.08,122.333,179.6,,,6.974570145403755,,,
2002-07-01,980.0900115,9109.79,10984.04,4.85,123.688,180.0,,,6.887644415916193,,,
2002-08-01,897.5949858,8506.62,10984.04,4.47,124.73,180.5,,,6.799718948522882,,,
2002-09-01,918.0475005,8663.5,10984.04,4.14,125.495,180.8,,,6.822249132745896,,,
2002-10-01,830.9850005,7938.79,11061.433,3.72,126.137,181.2,,,6.722611744752714,,,
2002-11-01,891.9625093,8517.64,11061.433,4.01,126.643,181.5,,,6.793424101763992,,,
2002-12-01,938.1450043,8896.09,11061.433,4.22,127.151,181.8,,,6.843904525864577,,,
2003-01-01,877.6475068,8341.63,11174.129,3.83,127.652,182.6,,,6.77724504013036,,,
2003-02-01,849.7450103,8053.81,11174.129,4.0,128.326,183.6,,,6.744936316596643,,,
2003-03-01,840.6775205,7891.08,11174.129,3.71,129.308,183.9,,,6.734208138756756,,,
2003-04-01,853.9474945,8069.86,11312.766,3.84,130.489,183.2,,,6.749869710048366,,,
2003-05-01,913.9324953,8454.25,11312.766,3.88,131.84,182.9,,,6.817756712380903,,,
2003-06-01,957.0625155,8850.26,11312.766,3.37,133.225,183.1,,,6.863868713770816,,,
2003-07-01,975.5449983,9040.95,11566.669,3.56,134.64700000000002,183.7,,,6.8829962874462325,,,
2003-08-01,984.9075013,9153.97,11566.669,4.44,135.965,184.5,,,6.892547729452877,,,
2003-09-01,1004.805008,9415.82,11566.669,4.45,137.077,185.1,,,6.912548779777947,,,
2003-10-01,1007.094971,9469.2,11772.234,3.96,137.977,184.9,,,6.914825199095806,,,
2003-11-01,1049.419952,9801.12,11772.234,4.33,138.766,185.0,,,6.955992863841073,,,
2003-12-01,1064.247467,9899.05,11772.234,4.4,139.629,185.5,,,6.970023224625561,,,
2004-01-01,1110.08252,10453.92,11923.447,4.27,140.706,186.3,,,7.012189633885467,,,
2004-02-01,1131.785004,10488.07,11923.447,4.16,142.028,186.7,,,7.031551314929888,,,
2004-03-01,1150.824951,10678.14,11923.447,4.0,144.079,187.1,,,7.048234312881353,,,
2004-04-01,1130.0625,10373.33,12112.815,3.91,146.18,187.4,,,7.030028219911372,,,
2004-05-01,1111.920014,10225.57,12112.815,4.53,148.336,188.2,,,7.013843542367336,,,
2004-06-01,1119.474976,10202.65,12112.815,4.71,150.52,188.9,,,7.020615082952894,,,
2004-07-01,1133.419983,10334.16,12305.307,4.57,152.339,189.1,,,7.0329948746017985,,,
2004-08-01,1100.709992,10139.71,12305.307,4.5,153.815,189.2,,,7.003710697847686,,,
2004-09-01,1104.642517,10168.46,12305.307,4.13,155.11,189.8,,,7.007277047582752,,,
2004-10-01,1123.074982,10192.65,12527.214,4.21,156.3,190.8,,,7.023825721877233,,,
2004-11-01,1130.429993,10054.39,12527.214,4.11,157.498,191.7,,,7.030353364103955,,,
2004-12-01,1182.575012,10590.22,12527.214,4.38,158.672,191.7,,,7.075449553449305,,,
2005-01-01,1213.612518,10783.01,12767.286,4.24,160.131,191.6,,,7.101356742747111,,,
2005-02-01,1185.505005,10551.94,12767.286,4.15,161.925,192.4,,,7.07792412734387,,,
2005-03-01,1207.464997,10830.0,12767.286,4.38,164.577,193.1,,,7.096278397114849,,,
2005-04-01,1178.305023,10404.3,12922.656,4.46,167.00099999999995,193.7,,,7.071832263631366,,,
2005-05-01,1149.057465,10192.51,12922.656,4.21,169.546,193.6,,,7.0466972896529745,,,
2005-06-01,1197.597504,10549.87,12922.656,3.91,172.017,193.7,,,7.08807274893491,,,
2005-07-01,1193.747467,10303.44,13142.642,4.06,174.099,194.9,,,7.084852769907872,,,
2005-08-01,1235.607514,10623.15,13142.642,4.32,175.924,196.1,,,7.119318042282006,,,
2005-09-01,1221.347504,10459.63,13142.642,4.02,177.611,198.8,,,7.107710039678689,,,
2005-10-01,1227.820008,10568.7,13324.204,4.34,178.753,199.1,,,7.112995524674271,,,
2005-11-01,1204.692505,10406.77,13324.204,4.58,179.675,198.1,,,7.093979630787529,,,
2005-12-01,1257.450012,10912.57,13324.204,4.52,180.108,198.1,,,7.136841149295099,,,
2006-01-01,1250.930023,10717.5,13599.16,4.39,180.828,199.3,,,7.1316425720518675,,,
2006-02-01,1280.859955,10953.95,13599.16,4.57,181.5,199.4,,,7.155286971174057,,,
2006-03-01,1286.090027,11053.53,13599.16,4.59,182.749,199.7,,,7.159361907790533,,,
2006-04-01,1298.247498,11109.32,13753.424,4.86,183.648,200.7,,,7.168770555512866,,,
2006-05-01,1309.117462,11343.29,13753.424,5.14,184.38,201.3,,,7.177108496032237,,,
2006-06-01,1277.664978,11260.28,13753.424,5.11,184.547,201.8,,,7.152789455031426,,,
2006-07-01,1272.389984,11150.22,13870.188,5.15,184.607,202.9,,,7.14865228810556,,,
2006-08-01,1273.455017,11125.73,13870.188,4.99,184.404,203.8,,,7.149488971455655,,,
2006-09-01,1307.660034,11464.15,13870.188,4.73,184.198,202.8,,,7.17599458538991,,,
2006-10-01,1337.630005,11679.07,14039.56,4.64,184.054,201.9,,,7.198654674046548,,,
2006-11-01,1373.445008,12031.02,14039.56,4.57,183.631,202.0,,,7.225077466874309,,,
2006-12-01,1396.432495,12194.13,14039.56,4.43,183.229,203.1,,,7.241676045512976,,,
2007-01-01,1421.712494,12463.15,14215.651,4.71,182.718,203.437,,,7.259617405673657,,,
2007-02-01,1442.095001,12673.68,14215.651,4.84,182.471,204.226,,,7.273852197089511,,,
2007-03-01,1400.075012,12234.34,14215.651,4.56,182.194,205.288,,,7.244281094167993,,,
2007-04-01,1420.375,12354.35,14402.082,4.65,182.132,205.904,,,7.258676200238173,,,
2007-05-01,1483.160004,13136.14,14402.082,4.64,181.885,206.755,,,7.301930228428584,,,
2007-06-01,1534.535004,13668.11,14402.082,4.95,181.54,207.234,,,7.335982685138815,,,
2007-07-01,1505.047485,13408.62,14564.117,5.03,180.993,207.603,,,7.316579728180255,,,
2007-08-01,1457.240021,13362.37,14564.117,4.76,180.234,207.667,,,7.284299529072396,,,
2007-09-01,1467.669983,13357.74,14564.117,4.54,179.122,208.547,,,7.291431376680822,,,
2007-10-01,1537.650025,14087.55,14715.058,4.56,177.52900000000002,209.19,,,7.338010572156096,,,
2007-11-01,1526.670013,13567.87,14715.058,4.36,175.16099999999997,210.834,,,7.330844180359116,,,
2007-12-01,1478.199982,13371.72,14715.058,3.97,173.33599999999998,211.445,,,7.298580398173814,,,
2008-01-01,1471.142487,13264.82,14706.538,4.04,171.076,212.174,,,7.2937945799484885,,,
2008-02-01,1386.492524,12743.19,14706.538,3.62,169.18900000000002,212.687,,,7.234532473047066,,,
2008-03-01,1346.047485,12266.39,14706.538,3.53,167.902,213.448,,,7.204927788185667,,,
2008-04-01,1348.295044,12654.36,14865.701,3.57,167.322,213.942,,,7.206596142893453,,,
2008-05-01,1397.112457,13010.0,14865.701,3.78,167.02,215.208,,,7.242162854943368,,,
2008-06-01,1400.319977,12638.32,14865.701,4.06,166.537,217.463,,,7.2444560444886354,,,
2008-07-01,1276.897522,11382.26,14898.999,4.01,165.713,219.016,,,7.152188603791271,,,
2008-08-01,1263.697541,11326.32,14898.999,3.97,164.278,218.69,,,7.141797258889512,,,
2008-09-01,1289.912476,11543.55,14898.999,3.83,161.912,218.877,,,7.162329646991918,,,
2008-10-01,1158.257538,10831.07,14608.209,3.77,159.16299999999998,216.995,,,7.054672032369687,,,
2008-11-01,962.7075043,9325.01,14608.209,4.01,156.072,213.153,,,6.869749631809112,,,
2008-12-01,852.2799985,8149.09,14608.209,2.72,152.54399999999998,211.398,,,6.747915109577181,,,
2009-01-01,898.4575043,8776.39,14430.902,2.25,149.362,211.933,,,6.800679408833546,,,
2009-02-01,836.2249908,8000.86,14430.902,2.87,147.617,212.705,,,6.728897704627521,,,
2009-03-01,742.702515,7062.93,14430.902,3.02,146.514,212.495,,,6.610295580962772,,,
2009-04-01,800.4025115,7761.6,14381.236,2.68,146.942,212.709,,,6.685114740510753,,,
2009-05-01,874.2099915,8212.41,14381.236,3.21,148.17,213.022,,,6.7733206116706945,,,
2009-06-01,934.2900088,8721.44,14381.236,3.71,149.797,214.79,,,6.839786891960291,,,
2009-07-01,924.2225035,8504.06,14448.882,3.55,150.749,214.726,,,6.828952847306577,,,
2009-08-01,987.5774843,9171.61,14448.882,3.52,150.668,215.445,,,6.895254958810975,,,
2009-09-01,1010.572495,9310.6,14448.882,3.38,149.628,215.861,,,6.918272275982386,,,
2009-10-01,1042.279999,9509.28,14651.249,3.21,148.585,216.509,,,6.94916589926825,,,
2009-11-01,1050.097504,9712.73,14651.249,3.41,147.94,217.234,,,6.956638299792639,,,
2009-12-01,1104.730011,10471.58,14651.249,3.28,146.665,217.347,,,7.007356250160802,,,
2010-01-01,1121.037507,10428.05,14764.61,3.85,145.003,217.488,,,7.022009881031615,,,
2010-02-01,1081.587494,10185.53,14764.61,3.68,143.054,217.281,,,6.986185142721854,,,
2010-03-01,1110.634979,10403.79,14764.61,3.61,143.596,217.353,,,7.0126871838995015,,,
2010-04-01,1175.362488,10927.07,14980.193,3.89,145.402,217.403,,,7.069331879427319,,,
2010-05-01,1196.942474,11008.61,14980.193,3.69,147.037,217.29,,,7.087525645923595,,,
2010-06-01,1080.667511,10024.02,14980.193,3.29,147.703,217.199,,,6.985334194935041,,,
2010-07-01,1025.739975,9732.53,15141.607,2.96,147.562,217.605,,,6.933169557937953,,,
2010-08-01,1098.622467,10465.94,15141.607,2.94,146.426,217.923,,,7.001812371272867,,,
2010-09-01,1065.257508,10269.47,15141.607,2.58,144.607,218.275,,,6.970971840465956,,,
2010-10-01,1144.862518,10829.68,15309.474,2.54,143.127,219.035,,,7.0430398371634455,,,
2010-11-01,1185.887512,11124.62,15309.474,2.66,141.817,219.59,,,7.078246728516452,,,
2010-12-01,1196.719971,11255.78,15309.474,2.97,140.626,220.472,,,7.087339735833302,,,
2011-01-01,1256.982483,11577.51,15351.448,3.3,139.034,221.187,,,7.136469272932287,,,
2011-02-01,1298.682495,12040.16,15351.448,3.48,137.72899999999998,221.898,,,7.169105564161725,,,
2011-03-01,1318.299988,12058.02,15351.448,3.41,137.783,223.046,,,7.184098297661292,,,
2011-04-01,1332.157501,12376.72,15557.539,3.46,139.157,224.093,,,7.1945550881040585,,,
2011-05-01,1361.75,12810.54,15557.539,3.32,140.692,224.806,,,7.216525916263784,,,
2011-06-01,1329.664978,12290.14,15557.539,2.96,141.944,224.806,,,7.192682293244011,,,
2011-07-01,1329.875031,12582.77,15647.68,3.22,142.341,225.395,,,7.192840255146991,,,
2011-08-01,1290.409973,12132.49,15647.68,2.77,141.784,226.106,,,7.162715255392417,,,
2011-09-01,1214.170014,11493.57,15647.68,2.15,140.165,226.597,,,7.101816006295185,,,
2011-10-01,1145.65503,10913.38,15842.259,1.92,138.405,226.75,,,7.043731831016379,,,
2011-11-01,1233.925018,11657.96,15842.259,2.01,136.66,227.169,,,7.117955439248014,,,
2011-12-01,1245.577484,12020.03,15842.259,2.11,135.162,227.223,,,7.127354543927377,,,
2012-01-01,1260.49997,12217.56,16068.805,1.89,134.162,227.842,,,7.139263722827895,,,
2012-02-01,1319.877472,12716.46,16068.805,1.87,133.991,228.329,,,7.185294187029555,,,
2012-03-01,1370.515015,12980.3,16068.805,2.03,135.859,228.807,,,7.222941871538353,,,
2012-04-01,1406.022522,13212.04,16207.115,2.23,138.466,229.187,,,7.248520090734492,,,
2012-05-01,1403.682464,13279.32,16207.115,1.98,141.043,228.713,,,7.246854393764376,,,
2012-06-01,1293.757507,12118.57,16207.115,1.47,143.167,228.524,,,7.165306059508922,,,
2012-07-01,1346.142517,12880.09,16319.541,1.67,144.282,228.59,,,7.2049983864717975,,,
2012-08-01,1378.254974,12971.06,16319.541,1.56,144.705,229.918,,,7.228573466387641,,,
2012-09-01,1404.674957,13090.84,16319.541,1.57,144.355,231.015,,,7.247561207671963,,,
2012-10-01,1445.857513,13515.11,16420.419,1.64,143.963,231.638,,,7.276457859135927,,,
2012-11-01,1420.084961,13232.62,16420.419,1.75,143.954,231.249,,,7.258471980495603,,,
2012-12-01,1415.654999,13025.58,16420.419,1.62,143.861,231.221,,,7.255347599793444,,,
2013-01-01,1413.367493,13104.14,16648.189,1.78,144.306,231.679,,,7.253730428841286,,,
2013-02-01,1505.950012,14009.79,16648.189,2.04,145.158,232.937,,,7.317179215245873,,,
2013-03-01,1513.587494,14089.66,16648.189,1.86,147.959,232.282,,,7.322237935842761,,,
2013-04-01,1565.097504,14572.85,16728.687,1.86,150.968,231.797,,,7.355703403908909,,,
2013-05-01,1589.77002,14700.95,16728.687,1.66,153.858,231.893,,,7.371344643243251,,,
2013-06-01,1643.149994,15115.57,16728.687,2.16,156.424,232.445,,,7.404370406627489,,,
2013-07-01,1615.282501,14974.96,16953.838,2.5,158.282,232.9,,,7.387265143579288,,,
2013-08-01,1698.390015,15628.02,16953.838,2.74,159.389,233.456,,,7.437436031309117,,,
2013-09-01,1634.997498,14810.31,16953.838,2.78,159.66899999999998,233.544,,,7.399396553054953,,,
2013-10-01,1689.007507,15191.7,17192.019,2.66,159.554,233.669,,,7.431896361439723,,,
2013-11-01,1759.67749,15615.55,17192.019,2.65,159.364,234.1,,,7.472885826922724,,,
2013-12-01,1808.007507,16086.41,17192.019,2.75,159.281,234.719,,,7.499980693045272,,,
2014-01-01,1845.704986,16576.66,17197.738,3.04,159.368,235.288,,,7.520616589723694,,,
2014-02-01,1784.902497,15698.85,17197.738,2.67,159.869,235.547,,,7.487119069192408,,,
2014-03-01,1857.540009,16321.71,17197.738,2.66,161.185,236.028,,,7.527008315525495,,,
2014-04-01,1879.819977,16532.61,17518.508,2.77,162.963,236.468,,,7.538931294324115,,,
2014-05-01,1883.675019,16558.87,17518.508,2.63,164.678,236.918,,,7.540979945034366,,,
2014-06-01,1921.142487,16717.17,17518.508,2.48,166.207,237.231,,,7.560675333365065,,,
2014-07-01,1969.119995,16956.07,17804.228,2.58,167.13099999999997,237.498,,,7.5853420188848215,,,
2014-08-01,1927.167511,16493.37,17804.228,2.52,167.446,237.46,,,7.563806593022406,,,
2014-09-01,1999.962494,17098.45,17804.228,2.35,167.237,237.477,,,7.600883706366242,,,
2014-10-01,1957.689972,16804.71,17912.079,2.42,166.905,237.43,,,7.579520471431941,,,
2014-11-01,2009.659973,17390.52,17912.079,2.35,166.653,236.983,,,7.605720819080967,,,
2014-12-01,2058.642517,17776.8,17912.079,2.22,166.454,236.252,,,7.629802072235831,,,
2015-01-01,2071.132507,17823.07,18063.529,2.17,166.242,234.747,,,7.635850841483049,,,
2015-02-01,2007.759979,17164.95,18063.529,1.68,166.623,235.342,,,7.604774941296538,,,
2015-03-01,2107.967468,18132.7,18063.529,2.0,168.082,235.976,,,7.6534794769045975,,,
2015-04-01,2060.832398,17698.18,18279.784,1.87,169.96400000000003,236.222,,,7.630865256865652,,,
2015-05-01,2097.864929,18024.06,18279.784,2.12,171.84599999999995,237.001,,,7.648675406044813,,,
2015-06-01,2110.514954,18040.37,18279.784,2.19,173.447,237.657,,,7.654687250722208,,,
2015-07-01,2073.549988,17757.91,18401.626,2.43,174.492,238.034,,,7.637017387425743,,,
2015-08-01,2107.937561,17689.86,18401.626,2.2,174.932,238.033,,,7.653465289203596,,,
2015-09-01,1939.274964,16058.35,18401.626,2.17,175.03599999999997,237.498,,,7.5700694523060434,,,
2015-10-01,1917.844971,16272.01,18435.137,2.05,175.04,237.733,,,7.558957423709433,,,
2015-11-01,2085.755066,17663.54,18435.137,2.16,175.129,238.017,,,7.642886210641754,,,
2015-12-01,2092.964966,17888.35,18435.137,2.15,175.101,237.761,,,7.6463369836532555,,,
2016-01-01,2052.672516,17425.03,18525.933,2.27,175.02200000000002,237.652,,,7.626897889438778,,,
2016-02-01,1935.954987,16449.18,18525.933,1.97,175.268,237.336,,,7.568356017049696,,,
2016-03-01,1957.719971,16865.08,18525.933,1.83,176.592,238.08,,,7.579535794987041,,,
2016-04-01,2062.112549,17792.75,18711.702,1.79,178.49,238.992,,,7.631486245531566,,,
2016-05-01,2065.812561,17773.64,18711.702,1.83,180.339,239.557,,,7.6332789200071405,,,
2016-06-01,2094.835022,17789.67,18711.702,1.85,181.908,240.222,,,7.647230080806729,,,
2016-07-01,2102.224976,17949.37,18892.639,1.46,183.008,240.101,,,7.6507515752053665,,,
2016-08-01,2172.122498,18404.51,18892.639,1.51,183.644,240.545,,,7.6834600781743445,,,
2016-09-01,2168.210083,18419.3,18892.639,1.57,183.933,241.176,,,7.681657259617633,,,
2016-10-01,2164.147522,18308.15,19089.379,1.6,184.007,241.741,,,7.679781808622504,,,
2016-11-01,2117.424988,18037.1,19089.379,1.83,184.219,242.026,,,7.657956001105348,,,
2016-12-01,2195.32251,19191.93,19089.379,2.45,184.391,242.637,,,7.694084244101172,,,
2017-01-01,2244.410095,19762.6,19280.084,2.45,184.644,243.618,,,7.716198001728046,,,
2017-02-01,2281.679993,19890.94,19280.084,2.48,185.011,244.006,,,7.73266728965097,,,
2017-03-01,2389.299927,21115.55,19280.084,2.46,186.52,243.892,,,7.7787556844436025,,,
2017-04-01,2365.122559,20663.22,19438.643,2.4,188.533,244.193,,,7.768585121570635,,,
2017-05-01,2389.037537,20913.46,19438.643,2.33,190.529,244.004,,,7.77864585963435,,,
2017-06-01,2422.327515,21144.18,19438.643,2.21,192.254,244.163,,,7.792484139991602,,,
2017-07-01,2426.742432,21349.63,19692.595,2.31,193.498,244.243,,,7.7943050740132485,,,
2017-08-01,2475.775025,21963.92,19692.595,2.26,194.333,245.183,,,7.814308767398392,,,
2017-09-01,2476.299988,21987.56,19692.595,2.16,194.804,246.435,,,7.814520784785281,,,
2017-10-01,2514.1875,22405.09,20037.088,2.33,195.072,246.626,,,7.82970496870797,,,
2017-11-01,2581.472473,23435.01,20037.088,2.37,195.439,247.284,,,7.85611524108253,,,
2017-12-01,2635.865052,24231.59,20037.088,2.37,195.836,247.805,,,7.876966700078241,,,
2018-01-01,2682.122558,24719.22,20328.553,2.4,196.104,248.859,,,7.894363759292724,,,
2018-02-01,2821.772461,26186.71,20328.553,2.78,196.893,249.529,,,7.945120498757984,,,
2018-03-01,2695.857422,24608.98,20328.553,2.81,198.56,249.577,,,7.899471585618899,,,
2018-04-01,2631.017517,24103.11,20580.912,2.74,200.6,250.227,,,7.8751259389428725,,,
2018-05-01,2644.609986,24099.05,20580.912,2.97,202.436,250.792,,,7.880278880111963,,,
2018-06-01,2727.237488,24635.21,20580.912,2.89,204.028,251.018,,,7.9110444666957775,,,
2018-07-01,2726.69751,24271.41,20798.73,2.85,204.937,251.214,,,7.910846452600647,,,
2018-08-01,2816.552551,25333.82,20798.73,3.0,205.314,251.663,,,7.9432689164245085,,,
2018-09-01,2899.485046,25964.82,20798.73,2.86,205.361,252.182,,,7.972288429862258,,,
2018-10-01,2926.462525,26651.21,20917.867,3.09,205.355,252.772,,,7.981549643250345,,,
2018-11-01,2727.117554,25380.74,20917.867,3.14,205.093,252.594,,,7.911000489360567,,,
2018-12-01,2747.892456,25538.46,20917.867,3.01,204.683,252.767,,,7.918589517205253,,,
2019-01-01,2499.462524,23327.46,21111.6,2.69,204.185,252.561,,,7.823830997342543,,,
2019-02-01,2705.597473,25063.89,21111.6,2.7,204.41,253.319,,,7.903078044155116,,,
2019-03-01,2799.327454,26026.32,21111.6,2.76,205.759,254.277,,,7.937134472311857,,,
2019-04-01,2858.462402,26258.42,21397.938,2.49,207.675,255.233,,,7.9580391375652235,,,
2019-05-01,2938.387512,26430.14,21397.938,2.52,209.339,255.296,,,7.985616244564491,,,
2019-06-01,2759.42749,24815.04,21397.938,2.14,210.572,255.213,,,7.922778506034957,,,
2019-07-01,2966.472473,26717.43,21717.171,2.03,211.322,255.802,,,7.995128806370292,,,
2019-08-01,2973.175049,26583.42,21717.171,1.9,211.68,256.036,,,7.997385700847676,,,
2019-09-01,2929.325012,26403.28,21717.171,1.5,211.859,256.43,,,7.982527304140504,,,
2019-10-01,2963.79248,26573.04,21933.217,1.65,211.953,257.155,,,7.9942249704696415,,,
2019-11-01,3058.824951,27347.36,21933.217,1.73,212.093,257.879,,,8.02578611825724,,,
2019-12-01,3144.450012,28051.41,21933.217,1.78,212.226,258.63,,,8.053394276894249,,,
2020-01-01,3222.42749,28538.44,21727.657,1.92,212.388,259.127,,,8.077890233396495,,,
2020-02-01,3251.215027,28256.03,21727.657,1.51,213.208,259.25,,,8.086784059919156,,,
2020-03-01,2921.669983,25409.36,21727.657,1.13,215.181,258.076,,,7.979910643769296,,,
2020-04-01,2484.705017,20943.51,19935.444,0.62,217.222,256.032,,,7.817909226052086,,,
2020-05-01,2847.625061,23723.69,19935.444,0.64,218.468,255.802,,,7.954240613935479,,,
2020-06-01,3047.057495,25475.02,19935.444,0.66,219.795,257.042,,,8.021931648187403,,,
2020-07-01,3112.847473,25734.97,21684.551,0.69,221.555,258.352,,,8.043293172453561,,,
2020-08-01,3258.5,26428.32,21684.551,0.55,224.038,259.316,,,8.089022245772435,,,
2020-09-01,3514.179993,28645.66,21684.551,0.68,226.79,259.997,,,8.164561489119947,,,
2020-10-01,3381.309998,27816.9,22068.767,0.68,229.802,260.319,,,8.126018486762687,,,
2020-11-01,3275.604981,26501.6,22068.767,0.88,232.306,260.911,,,8.094257858032318,,,
2020-12-01,3662.45,29823.92,22068.767,0.92,234.354,262.045,,,8.205887601355002,,,
2021-01-01,3756.07,30606.48,22656.793,0.93,236.425,262.639,,,8.2311284770022,,,
2021-02-01,3773.86,30211.91,22656.793,1.09,239.203,263.573,,,8.235853629320976,,,
2021-03-01,3901.82,31535.51,22656.793,1.45,244.197,264.847,,,8.26919838992938,,,
2021-04-01,4019.87,33153.21,23368.861,1.69,249.803,266.625,,,8.299004842781715,,,
2021-05-01,4181.17,33874.85,23368.861,1.65,255.427,268.404,,,8.33834639065912,,,
2021-06-01,4202.04,34575.31,23368.861,1.62,261.152,270.71,,,8.343325400636173,,,
2021-07-01,4319.94,34633.53,23921.991,1.48,265.49,271.965,,,8.370996792252816,,,
2021-08-01,4395.26,34935.47,23921.991,1.24,268.766,272.752,,,8.388281966503747,,,
2021-09-01,4524.09,35312.53,23921.991,1.31,271.41700000000003,273.942,,,8.417171730937334,,,
2021-10-01,4357.04,34326.46,24777.038,1.48,273.624,276.528,,,8.379548206704174,,,
2021-11-01,4613.67,35913.84,24777.038,1.58,275.992,278.824,,,8.436778914719481,,,
2021-12-01,4513.04,34022.04,24777.038,1.43,278.564,280.806,,,8.41472626307157,,,
2022-01-01,4766.18,36338.3,25215.491,1.52,281.938,282.542,,,8.469300424465446,,,
2022-02-01,4546.54,35405.24,25215.491,1.81,287.157,284.525,,,8.422121783103732,,,
2022-03-01,4306.26,33294.95,25215.491,1.72,294.96,287.467,,,8.367825056965367,,,
2022-04-01,4545.86,34818.27,25805.791,2.39,301.592,288.582,,,8.421972207633829,,,
2022-05-01,4131.93,32977.21,25805.791,2.89,306.362,291.299,,,8.326499889147337,,,
2022-06-01,4101.23,32813.23,25805.791,2.94,308.159,295.072,,,8.319042207701397,,,
2022-07-01,3825.33,31097.26,26272.011,2.88,306.999,294.94,,,8.249400017049009,,,
2022-08-01,4118.63,32798.4,26272.011,2.6,303.58,295.162,,,8.323275862773272,,,
2022-09-01,3966.85,31656.42,26272.011,3.26,300.416,296.421,,,8.285727607850864,,,
2022-10-01,3585.62,28725.51,26734.277,3.83,298.632,297.979,,,8.18468668089813,,,
2022-11-01,3856.1,32653.2,26734.277,4.07,296.817,298.708,,,8.257411589004125,,,
2022-12-01,4076.57,34395.01,26734.277,3.53,294.309,298.808,,,8.313011227548815,,,
2023-01-01,3839.5,33147.25,27164.359,3.88,292.80400000000003,300.456,,,8.253097428770598,,,
2023-02-01,4119.21,34092.96,27164.359,3.39,293.577,301.476,,,8.32341667638484,,,
2023-03-01,3951.39,32661.84,27164.359,4.01,297.515,301.643,1.0577309131622314,136.34800720214844,8.281822694727508,,,
2023-04-01,4109.31,33274.15,27453.815,3.48,301.647,302.858,1.0847163200378418,132.7969970703125,8.321010410184638,,,
2023-05-01,4167.87,34051.7,27453.815,3.59,305.522,303.316,1.1018069982528689,133.802001953125,8.335160392927591,,,
2023-06-01,4221.02,33061.57,27453.815,3.61,308.474,304.099,1.0695186853408811,139.1269989013672,8.347832083984967,,,
2023-07-01,4450.38,34407.6,27967.697,3.81,310.388,304.615,1.091226577758789,144.26100158691406,8.400744764772917,,,
2023-08-01,4576.73,35630.68,27967.697,4.05,311.753,306.138,1.0997591018676758,142.322998046875,8.428740048308429,,,
2023-09-01,4515.77,34837.71,27967.697,4.18,312.60400000000004,307.374,1.077702283859253,146.1929931640625,8.415330993946002,,,
2023-10-01,4288.05,33507.5,28296.967,4.59,312.962,307.653,1.0575296878814695,149.33700561523438,8.363587363130417,,,
2023-11-01,4237.86,33274.58,28296.967,4.77,312.201,308.087,1.0593219995498655,149.2740020751953,8.351813703832383,,,
2023-12-01,4594.63,36245.5,28296.967,4.22,311.017,308.735,1.0593219995498655,149.2740020751953,8.432643509240837,,,
2024-01-01,4769.83,37689.54,28624.069,3.88,310.87,309.794,1.0593219995498655,149.2740020751953,8.47006594383429,,,
2024-02-01,4906.19,38519.84,28624.069,3.87,312.795,311.022,1.0593219995498655,149.2740020751953,8.498252952156577,,,
2024-03-01,5137.08,39087.38,28624.069,4.19,316.98400000000004,312.107,1.0593219995498655,149.2740020751953,8.54424010363781,,,
2024-04-01,5243.77,39566.85,29016.714,4.33,320.918,313.016,1.0593219995498655,149.2740020751953,8.564795984272605,,,
2024-05-01,5018.39,37903.29,29016.714,4.63,323.842,313.14,1.0593219995498655,149.2740020751953,8.520864444113563,,,
2024-06-01,5277.51,38686.32,29016.714,4.51,325.39599999999996,313.131,1.0593219995498655,149.2740020751953,8.57120967455725,,,
2024-07-01,5475.09,39169.52,29374.914,4.48,325.704,313.566,1.0593219995498655,149.2740020751953,8.607963992905757,,,
2024-08-01,5446.68,40347.97,29374.914,3.99,325.138,314.131,1.0593219995498655,149.2740020751953,8.602761527723304,,,
2024-09-01,5648.4,41563.08,29374.914,3.91,324.779,314.851,1.0593219995498655,149.2740020751953,8.639127598195097,,,
2024-10-01,5708.75,42156.97,29719.647,3.74,324.211,315.564,1.0593219995498655,149.2740020751953,8.649755364499208,,,
2024-11-01,5728.8,42052.19,29719.647,4.37,323.69,316.449,1.0593219995498655,149.2740020751953,8.65326136369273,,,
2024-12-01,6032.38,44910.65,29719.647,4.18,323.219,317.603,1.0593219995498655,149.2740020751953,8.704896905051022,,,
2025-01-01,5881.63,42544.22,29719.647,4.58,323.219,319.086,1.0593219995498655,149.2740020751953,8.679589213361188,,,
2025-02-01,6040.53,44544.66,29719.647,4.58,323.219,319.775,1.0593219995498655,149.2740020751953,8.706247035423571,,,
2025-03-01,5954.5,43840.91,29719.647,4.24,323.219,319.775,1.0593219995498655,149.2740020751953,8.691902515208051,,,
